index,日期,净值,总资产,总份数,增加资产,增加份额,5日涨跌幅,备注,今年以来,资产变动
0,2018-01-01,1.0,"¥6,494,005.25","6,494,005.2500","¥6,494,005.25","6,494,005.2500",,,,
1,2018-01-02,1.0156,"¥6,595,041.35","6,494,005.2500",¥0.00,0.0000,,,,
2,2018-01-03,1.0281,"¥6,748,813.81","6,564,520.3208","¥71,612.17","70,515.0708",,,,
3,2018-01-10,1.1213,"¥7,360,716.17","6,564,520.3208",¥0.00,0.0000,,,,
4,2018-01-11,1.1127,"¥7,380,236.70","6,632,488.0932","¥76,211.43","67,967.7723",11.27%,,,
5,2018-02-02,1.1352,"¥7,528,977.46","6,632,488.0932",¥0.00,0.0000,11.78%,,,
6,2018-02-05,1.1834,"¥7,923,304.72","6,695,426.1273","¥71,445.14","62,938.0341",15.11%,,,
7,2018-02-06,1.097,"¥7,344,606.77","6,695,426.1273",¥0.00,0.0000,-2.17%,,,
8,2018-02-07,1.0471,"¥7,147,535.08","6,825,951.9655","¥143,181.47","130,525.8382",-5.90%,,,
9,2018-02-08,1.059,"¥7,228,521.68","6,825,951.9655",¥0.00,0.0000,-6.71%,,,
10,2018-02-09,1.0348,"¥7,128,118.50","6,888,202.8460","¥65,922.21","62,250.8804",-12.55%,,,
11,2018-03-19,1.0875,"¥7,491,141.85","6,888,202.8460",¥0.00,0.0000,-0.86%,,,
12,2018-03-20,1.0827,"¥7,506,776.27","6,933,377.0060","¥49,128.35","45,174.1600",3.40%,,,
13,2018-03-22,1.0544,"¥7,310,256.13","6,933,377.0060",¥0.00,0.0000,-0.44%,,,
14,2018-03-26,1.0232,"¥7,145,684.19","6,983,338.2040","¥52,676.95","49,961.1980",-1.12%,,,
15,2018-03-27,1.0099,"¥7,105,151.11","7,035,493.1262","¥53,367.40","52,154.9222",-7.14%,,,
16,2018-03-28,0.9793,"¥6,938,471.09","7,084,874.6824","¥49,870.48","49,381.5563",-9.55%,,,
17,2018-03-29,1.0036,"¥7,250,167.39","7,224,380.6889","¥136,623.22","139,506.0064",-4.82%,,,
18,2018-04-03,0.9867,"¥7,128,526.49","7,224,380.6889",¥0.00,0.0000,-3.57%,,,
19,2018-04-04,1.0142,"¥7,284,360.94","7,182,536.3619","-¥41,289.13","-41,844.3270",0.42%,,,
20,2018-04-12,1.0227,"¥7,345,379.26","7,182,536.3619",¥0.00,0.0000,4.43%,,,
21,2018-04-13,1.0115,"¥7,400,805.07","7,316,893.5672","¥137,403.36","134,357.2053",0.79%,,,
22,2018-04-17,0.9728,"¥7,170,117.16","7,370,669.0203","¥54,392.16","53,775.4531",-1.41%,,,
23,2018-04-18,0.9704,"¥7,279,588.82","7,501,844.6779","¥127,606.44","131,175.6577",-4.32%,,,
24,2018-04-19,1.001,"¥7,509,376.28","7,501,844.6779",¥0.00,0.0000,-2.12%,,,
25,2018-04-20,0.9944,"¥7,509,780.57","7,552,051.8116","¥50,257.54","50,207.1337",-1.69%,,,
26,2018-04-25,1.0284,"¥7,766,716.34","7,552,051.8116",¥0.00,0.0000,5.72%,,,
27,2018-04-26,0.9949,"¥7,535,744.64","7,574,265.3979","¥22,845.00","22,213.5863",2.53%,Lina注资20000,,
28,2018-04-27,0.9768,"¥7,398,669.91","7,574,265.3979",¥0.00,0.0000,-2.42%,,,
29,2018-05-02,0.9897,"¥8,173,072.36","8,258,219.5539","¥668,097.93","683,954.1560",-0.47%,现金,,
30,2018-05-03,0.9938,"¥8,267,541.90","8,318,808.0577","¥59,963.80","60,588.5038",-3.36%,现金+ETF,,
31,2018-05-04,0.9871,"¥8,211,682.00","8,318,808.0577",¥0.00,,-0.78%,,,
32,2018-05-08,1.038,"¥8,634,608.42","8,318,808.0577",¥0.00,0.0000,6.26%,,,
33,2018-05-09,1.034,"¥8,601,936.00","8,318,808.0577",¥0.00,0.0000,4.48%,,,
34,2018-05-10,1.0417,"¥8,665,333.00","8,318,808.0577",¥0.00,0.0000,4.81%,,,
35,2018-05-11,1.0414,"¥8,663,036.96","8,318,808.0577",¥0.00,0.0000,5.50%,,,
36,2018-05-14,1.069,"¥8,892,928.46","8,318,808.0577",¥0.00,0.0000,2.99%,,,
37,2018-05-15,1.0684,"¥8,887,424.54","8,318,808.0577",¥0.00,0.0000,3.32%,,,
38,2018-05-16,1.0575,"¥8,797,323.82","8,318,808.0577",¥0.00,0.0000,1.52%,,,
39,2018-05-17,1.0502,"¥8,736,357.98","8,318,808.0577",¥0.00,0.0000,0.85%,,,
40,2018-05-18,1.0627,"¥8,840,641.16","8,318,808.0577",¥0.00,0.0000,-0.59%,,,
41,2018-05-21,1.0577,"¥8,948,316.37","8,459,954.0658","¥150,000.00","141,146.0081",-0.99%,宋钱注资,,
42,2018-05-22,1.0529,"¥8,957,411.55","8,507,225.2714","¥50,000.00","47,271.2056",-0.44%,宋钱注资,,
43,2018-05-23,1.0359,"¥8,861,619.19","8,554,712.3453","¥50,000.00","47,487.0738",-1.36%,宋钱注资,,
44,2018-05-24,1.0237,"¥8,807,261.25","8,602,980.6818","¥50,000.00","48,268.3365",-3.67%,宋钱注资,,
45,2018-05-25,1.0281,"¥8,895,106.64","8,651,820.9537","¥50,000.00","48,840.2719",-2.80%,宋钱注资,,
46,2018-05-28,1.0503,"¥9,095,189.42","8,659,602.1496","¥8,000.00","7,781.1959",-0.25%,,,
47,2018-05-29,1.0439,"¥9,040,163.64","8,659,602.1496",¥0.00,0.0000,0.78%,,,
48,2018-05-30,1.0374,"¥8,983,275.44","8,659,602.1496",¥0.00,0.0000,1.33%,,,
49,2018-05-31,1.0759,"¥9,316,751.37","8,659,602.1496",¥0.00,0.0000,4.65%,,,
50,2018-06-01,1.0626,"¥9,202,123.25","8,659,602.1496",¥0.00,0.0000,1.18%,,,
51,2018-06-04,1.096,"¥9,490,638.95","8,659,602.1496",¥0.00,0.0000,4.98%,,,
52,2018-06-05,1.105,"¥9,568,513.23","8,659,602.1496",¥0.00,0.0000,6.51%,,,
53,2018-06-06,1.1004,"¥9,529,119.44","8,659,602.1496",¥0.00,0.0000,2.28%,,,
54,2018-06-07,1.0971,"¥9,500,098.91","8,659,602.1496",¥0.00,0.0000,3.24%,,,
55,2018-06-08,1.0897,"¥9,436,700.65","8,659,602.1496",¥0.00,0.0000,-0.57%,,,
56,2018-06-11,1.0934,"¥9,468,432.41","8,659,602.1496",¥0.00,0.0000,-1.05%,,,
57,2018-06-12,1.1239,"¥9,732,516.11","8,659,602.1496",¥0.00,0.0000,2.13%,,,
58,2018-06-13,1.1141,"¥9,766,715.20","8,766,373.3326","¥120,000.00","106,771.1829",1.55%,老爸老妈+宋钱注资,,
59,2018-06-14,1.1016,"¥9,657,429.20","8,766,373.3326",¥0.00,0.0000,1.09%,,,
60,2018-06-15,1.1024,"¥9,683,743.91","8,784,528.0053","¥20,000.00","18,154.6727",0.82%,Lina注资,,
61,2018-06-19,1.0681,"¥9,383,066.83","8,784,528.0053",¥0.00,0.0000,-4.96%,,,
62,2018-06-20,1.0912,"¥9,606,403.15","8,803,252.2202","¥20,000.00","18,724.2149",-2.05%,,,
63,2018-06-21,1.0871,"¥9,569,937.51","8,803,252.2202",¥0.00,0.0000,-1.32%,,,
64,2018-06-22,1.0914,"¥9,607,703.27","8,803,252.2202",¥0.00,0.0000,-1.00%,,,
65,2018-06-25,1.0827,"¥9,531,284.95","8,803,252.2202",¥0.00,0.0000,1.36%,,,
66,2018-06-26,1.0689,"¥9,409,606.60","8,803,252.2202",¥0.00,0.0000,-2.05%,,,
67,2018-06-27,1.0309,"¥9,557,886.16","9,271,032.2558","¥500,000.00","467,780.0356",-5.17%,歪歪注资,,
68,2018-06-28,1.017,"¥9,428,346.76","9,271,032.2558",¥0.00,0.0000,-6.82%,,,
69,2018-06-29,1.0472,"¥9,708,695.16","9,271,032.2558",¥0.00,0.0000,-3.28%,,,
70,2018-07-02,1.0218,"¥9,473,218.76","9,271,032.2558",¥0.00,0.0000,-4.40%,,,
71,2018-07-03,1.0035,"¥9,323,290.34","9,290,605.3967","¥20,000.00","19,573.1409",-2.66%,,,
72,2018-07-04,0.9937,"¥9,261,989.45","9,320,500.2248","¥30,000.00","29,894.8281",-2.29%,,,
73,2018-07-05,1.0013,"¥9,332,267.07","9,320,500.2248",¥0.00,0.0000,-4.39%,,,
74,2018-07-06,1.0184,"¥9,492,138.28","9,320,500.2248",¥0.00,0.0000,-0.33%,,,
75,2018-07-09,1.0457,"¥9,746,668.68","9,320,500.2248",¥0.00,0.0000,4.21%,,,
76,2018-07-10,1.0439,"¥9,730,041.72","9,320,500.2248",,0.0000,5.05%,,,
77,2018-07-11,1.0336,"¥9,663,475.58","9,349,237.5123","¥30,000.00","28,737.2875",3.23%,,,
78,2018-07-12,1.0535,"¥9,870,070.31","9,368,587.1499","¥20,000.00","19,349.6376",3.45%,,,
79,2018-07-13,1.0661,"¥9,987,432.60","9,368,587.1499",¥0.00,0.0000,1.94%,,,
80,2018-07-16,1.0667,"¥9,993,609.10","9,368,587.1499",¥0.00,0.0000,2.18%,,,
81,2018-07-17,1.0537,"¥9,866,808.16","9,364,191.3163","-¥4,689.10","-4,395.8335",1.94%,,,
82,2018-07-18,1.0431,"¥9,767,414.18","9,364,191.3163",¥0.00,0.0000,-0.99%,,,
83,2018-07-19,1.053,"¥9,860,639.14","9,364,191.3163",¥0.00,0.0000,-1.22%,,,
84,2018-07-20,1.0637,"¥9,960,545.08","9,364,191.3163",¥0.00,0.0000,-0.28%,,,
85,2018-07-23,1.0581,"¥9,908,457.46","9,364,191.3163",¥0.00,0.0000,0.42%,,,
86,2018-07-24,1.0732,"¥10,049,290.66","9,364,191.3163",¥0.00,0.0000,2.89%,,,
87,2018-07-25,1.0725,"¥10,042,919.20","9,364,191.3163",¥0.00,0.0000,1.85%,,,
88,2018-07-26,1.0602,"¥9,927,582.71","9,364,191.3163",¥0.00,0.0000,-0.33%,,,
89,2018-07-27,1.0618,"¥9,942,728.31","9,364,191.3163",¥0.00,0.0000,0.35%,,,
90,2018-07-30,1.0507,"¥9,839,155.42","9,364,191.3163",¥0.00,0.0000,-2.09%,,,
91,2018-07-31,1.0483,"¥9,816,354.48","9,364,191.3163",¥0.00,0.0000,-2.26%,,,
92,2018-08-01,1.0306,"¥9,650,853.97","9,364,191.3163",¥0.00,0.0000,-2.79%,,,
93,2018-08-02,1.0014,"¥9,377,002.19","9,364,191.3163",¥0.00,0.0000,-5.69%,,,
94,2018-08-03,0.9828,"¥9,203,105.88","9,364,191.3163",¥0.00,0.0000,-6.46%,,,
95,2018-08-06,0.9747,"¥9,127,333.39","9,364,191.3163",¥0.00,0.0000,-7.02%,,,
96,2018-08-07,1.0024,"¥9,386,610.98","9,364,191.3163",¥0.00,0.0000,-2.74%,,,
97,2018-08-08,0.9854,"¥9,227,133.29","9,364,191.3163",¥0.00,0.0000,-1.60%,,,
98,2018-08-09,1.0105,"¥9,462,262.20","9,364,191.3163",¥0.00,0.0000,2.82%,,,
99,2018-08-10,1.0072,"¥9,431,205.80","9,364,191.3163",¥0.00,0.0000,3.33%,,,
100,2018-08-11,1.0072,"¥9,465,205.80","9,397,949.7256","¥34,000.00","33,758.4092",0.48%,,,
101,2018-08-13,0.9942,"¥9,343,239.43","9,397,949.7256",¥0.00,0.0000,0.89%,,,
102,2018-08-14,0.9909,"¥9,312,289.77","9,397,949.7256",¥0.00,0.0000,-1.94%,,,
103,2018-08-15,0.9667,"¥9,084,684.27","9,397,949.7256",¥0.00,0.0000,-4.02%,,,
104,2018-08-16,0.9501,"¥8,953,572.87","9,423,791.1062","¥24,980.00","25,841.3806",-5.66%,,,
105,2018-08-17,0.9344,"¥8,840,471.24","9,460,629.2147","¥35,000.00","36,838.1085",-6.01%,,,
106,2018-08-20,0.9463,"¥8,952,884.70","9,460,629.2147",¥0.00,0.0000,-4.50%,,,
107,2018-08-21,0.9777,"¥9,621,077.85","9,840,145.1612","¥359,147.62","379,515.9465",1.15%,,,
108,2018-08-22,0.9693,"¥9,807,065.37","10,117,982.5415","¥271,652.00","277,837.3804",2.02%,,,
109,2018-08-23,0.9734,"¥9,848,502.60","10,117,982.5415",¥0.00,0.0000,4.16%,,,
110,2018-08-24,0.9642,"¥9,755,938.02","10,117,982.5415",¥0.00,0.0000,1.89%,,,
111,2018-08-27,0.9976,"¥10,093,675.25","10,117,982.5415",¥0.00,0.0000,2.03%,,,
112,2018-08-28,0.9951,"¥10,068,214.64","10,117,982.5415",¥0.00,0.0000,2.66%,,,
113,2018-08-29,0.9927,"¥10,043,835.42","10,117,982.5415",¥0.00,0.0000,1.98%,,,
114,2018-08-30,0.9876,"¥9,992,095.51","10,117,982.5415",¥0.00,0.0000,2.42%,,,
115,2018-08-31,0.9644,"¥9,757,333.41","10,117,982.5415",¥0.00,0.0000,-3.33%,,,
116,2018-09-03,0.9623,"¥9,736,460.47","10,117,982.5415",¥0.00,0.0000,-3.30%,,,
117,2018-09-04,0.9739,"¥9,853,730.78","10,117,982.5415",¥0.00,0.0000,-1.89%,,,
118,2018-09-05,0.9521,"¥9,632,989.80","10,117,982.5415",¥0.00,0.0000,-3.59%,,,
119,2018-09-06,0.9287,"¥9,396,259.03","10,117,982.5415",¥0.00,0.0000,-3.70%,,,
120,2018-09-07,0.9325,"¥9,434,838.61","10,117,982.5415",¥0.00,0.0000,-3.10%,,,
121,2018-09-10,0.9224,"¥9,333,144.48","10,117,982.5415",¥0.00,0.0000,-5.28%,,,
122,2018-09-11,0.9215,"¥9,394,052.12","10,193,938.3279","¥70,064.00","75,955.7864",-3.21%,,,
123,2018-09-12,0.9055,"¥9,245,694.88","10,210,215.5503","¥15,000.00","16,277.2223",-2.49%,,,
124,2018-09-13,0.912,"¥9,319,885.60","10,219,602.2793","¥8,500.00","9,386.7290",-2.20%,,,
125,2018-09-14,0.9272,"¥9,475,277.39","10,219,602.2793",¥0.00,0.0000,0.51%,,,
126,2018-09-17,0.9275,"¥9,479,173.92","10,219,602.2793",¥0.00,0.0000,0.65%,,,
127,2018-09-18,0.9463,"¥9,670,902.78","10,219,602.2793",¥0.00,0.0000,4.50%,,,
128,2018-09-19,0.9675,"¥9,887,291.29","10,219,602.2793",¥0.00,0.0000,6.09%,,,
129,2018-09-20,0.9673,"¥9,885,668.60","10,219,602.2793",¥0.00,0.0000,4.33%,,,
130,2018-09-21,1.0033,"¥10,253,330.37","10,219,602.2793",¥0.00,0.0000,8.17%,,,
131,2018-09-25,0.9903,"¥10,120,014.41","10,219,602.2793",¥0.00,0.0000,4.64%,,,
132,2018-09-26,1.0164,"¥10,387,606.38","10,219,602.2793",¥0.00,0.0000,5.06%,职业投资第一天,,
133,2018-09-27,1.0162,"¥10,384,916.31","10,219,602.2793",¥0.00,0.0000,5.05%,,,
134,2018-09-28,1.0264,"¥10,489,151.63","10,219,602.2793",¥0.00,0.0000,2.30%,,,
135,2018-10-08,0.9696,"¥9,908,515.86","10,219,602.2793",¥0.00,0.0000,-2.09%,,,
136,2018-10-09,0.9764,"¥9,988,667.25","10,229,916.2379","¥10,000.00","10,313.9586",-3.94%,,,
137,2018-10-10,0.957,"¥9,789,520.56","10,229,916.2379",¥0.00,0.0000,-5.83%,,,
138,2018-10-11,0.9223,"¥9,434,693.05","10,229,916.2379",¥0.00,0.0000,-10.14%,,,
139,2018-10-12,0.9534,"¥9,752,897.13","10,229,916.2379",¥0.00,0.0000,-1.67%,,,
140,2018-10-15,0.9453,"¥9,669,986.18","10,229,916.2379",¥0.00,0.0000,-3.19%,,,
141,2018-10-16,0.9466,"¥9,683,963.26","10,229,916.2379",¥0.00,0.0000,-1.08%,,,
142,2018-10-17,0.9479,"¥9,696,901.50","10,229,916.2379",¥0.00,0.0000,2.78%,,,
143,2018-10-18,0.9215,"¥9,426,485.86","10,229,916.2379",¥0.00,0.0000,-3.35%,,,
144,2018-10-19,0.9533,"¥9,752,013.41","10,229,916.2379",¥0.00,0.0000,0.85%,,,
145,2018-10-22,0.9877,"¥10,104,263.17","10,229,916.2379",¥0.00,0.0000,4.34%,,,
146,2018-10-23,0.9366,"¥9,581,780.99","10,229,916.2379",¥0.00,0.0000,-1.19%,,,
147,2018-10-24,0.9264,"¥9,476,518.56","10,229,916.2379",¥0.00,0.0000,0.53%,,,
148,2018-10-25,0.9114,"¥9,323,418.56","10,229,916.2379",¥0.00,0.0000,-4.39%,,,
149,2018-10-26,0.8989,"¥9,195,969.59","10,229,916.2379",¥0.00,0.0000,-8.99%,,,
150,2018-10-29,0.8361,"¥8,553,556.73","10,229,916.2379",¥0.00,0.0000,-10.73%,,,
151,2018-10-30,0.8209,"¥8,397,802.44","10,229,916.2379",¥0.00,0.0000,-11.38%,,,
152,2018-10-31,0.8499,"¥8,694,102.21","10,229,916.2379",¥0.00,0.0000,-6.75%,,,
153,2018-11-01,0.8707,"¥8,906,989.98","10,229,916.2379",¥0.00,0.0000,-3.14%,,,
154,2018-11-02,0.9241,"¥9,453,837.62","10,229,916.2379",¥0.00,0.0000,10.53%,,,
155,2018-11-05,0.9029,"¥9,236,220.70","10,229,916.2379",¥0.00,0.0000,9.98%,,,
156,2018-11-06,0.89,"¥9,104,139.86","10,229,916.2379",¥0.00,0.0000,4.72%,,,
157,2018-11-07,0.8883,"¥9,087,341.33","10,229,916.2379",¥0.00,0.0000,2.02%,,,
158,2018-11-08,0.8908,"¥9,113,171.68","10,229,916.2379",¥0.00,0.0000,-3.60%,,,
159,2018-11-09,0.8706,"¥8,905,918.47","10,229,916.2379",¥0.00,0.0000,-3.58%,,,
160,2018-11-12,0.8709,"¥8,909,364.06","10,229,916.2379",¥0.00,0.0000,-2.14%,,,
161,2018-11-13,0.8903,"¥9,107,925.15","10,229,916.2379",¥0.00,0.0000,0.23%,,,
162,2018-11-14,0.8721,"¥8,921,464.81","10,229,916.2379",¥0.00,0.0000,-2.10%,,,
163,2018-11-15,0.8772,"¥8,974,182.21","10,229,916.2379",¥0.00,0.0000,0.77%,,,
164,2018-11-16,0.8807,"¥9,009,773.29","10,229,916.2379",¥0.00,0.0000,1.13%,,,
165,2018-11-19,0.8916,"¥9,120,572.76","10,229,916.2379",¥0.00,0.0000,0.14%,,,
166,2018-11-20,0.8715,"¥8,915,716.23","10,229,916.2379",¥0.00,0.0000,-0.06%,,,
167,2018-11-21,0.8766,"¥8,967,281.15","10,229,916.2379",¥0.00,0.0000,-0.08%,,,
168,2018-11-22,0.8774,"¥8,975,776.95","10,229,916.2379",¥0.00,0.0000,-0.38%,,,
169,2018-11-23,0.8632,"¥8,830,866.10","10,229,916.2379",¥0.00,0.0000,-3.18%,,,
170,2018-11-26,0.8613,"¥8,810,748.39","10,229,916.2379",¥0.00,0.0000,-1.18%,,,
171,2018-11-27,0.8548,"¥8,744,288.08","10,229,916.2379",¥0.00,0.0000,-2.49%,,,
172,2018-11-28,0.8698,"¥8,898,209.86","10,229,916.2379",¥0.00,0.0000,-0.86%,,,
173,2018-11-29,0.8637,"¥8,835,840.50","10,229,916.2379",¥0.00,0.0000,0.06%,,,
174,2018-11-30,0.8749,"¥8,950,302.21","10,229,916.2379",¥0.00,0.0000,1.58%,,,
175,2018-12-03,0.9164,"¥9,374,686.07","10,229,916.2379",¥0.00,0.0000,7.21%,,,
176,2018-12-04,0.9152,"¥9,362,593.77","10,229,916.2379",¥0.00,0.0000,5.22%,,,
177,2018-12-05,0.914,"¥9,349,733.88","10,229,916.2379",¥0.00,0.0000,5.82%,,,
178,2018-12-06,0.8879,"¥9,082,646.70","10,229,916.2379",¥0.00,0.0000,1.48%,,,
179,2018-12-07,0.885,"¥9,053,407.80","10,229,916.2379",¥0.00,0.0000,-3.43%,,,
180,2018-12-10,0.8708,"¥8,907,763.70","10,229,916.2379",¥0.00,0.0000,-4.86%,,,
181,2018-12-11,0.8808,"¥9,010,902.88","10,229,916.2379",¥0.00,0.0000,-3.62%,,,
182,2018-12-12,0.8867,"¥9,070,633.63","10,229,916.2379",¥0.00,0.0000,-0.13%,,,
183,2018-12-13,0.9057,"¥9,265,612.26","10,229,916.2379",¥0.00,0.0000,2.34%,,,
184,2018-12-14,0.8964,"¥9,170,187.55","10,229,916.2379",¥0.00,0.0000,2.95%,,,
185,2018-12-17,0.8919,"¥9,124,371.33","10,229,916.2379",¥0.00,0.0000,1.26%,,,
186,2018-12-18,0.883,"¥9,033,065.19","10,229,916.2379",¥0.00,0.0000,-0.41%,,,
187,2018-12-19,0.865,"¥8,848,814.47","10,229,916.2379",¥0.00,0.0000,-4.50%,,,
188,2018-12-20,0.857,"¥8,766,958.82","10,229,916.2379",¥0.00,0.0000,-4.40%,,,
189,2018-12-21,0.844,"¥8,634,123.39","10,229,916.2379",¥0.00,0.0000,-5.37%,,,
190,2018-12-22,0.844,"¥8,654,123.39","10,253,612.7170","¥20,000.00","23,696.4791",-4.42%,Lina加仓20000,,
191,2018-12-24,0.8442,"¥8,655,683.40","10,253,612.7170",¥0.00,0.0000,-2.41%,,,
192,2018-12-25,0.8422,"¥8,667,873.71","10,291,520.2504","¥32,000.00","37,907.5333",-1.72%,,,
193,2018-12-26,0.8358,"¥8,601,422.91","10,291,520.2504",¥0.00,0.0000,-0.98%,,,
194,2018-12-27,0.8307,"¥8,548,753.74","10,291,520.2504",¥0.00,0.0000,-1.58%,,,
195,2018-12-28,0.848,"¥8,727,243.21","10,291,520.2504",¥0.00,0.0000,0.46%,,,
196,2018-12-27,0.848,"¥8,727,243.21","10,291,520.2504",,0.0000,,,0.00%,¥0.00
197,2019-01-02,0.8417,"¥8,662,862.40","10,291,520.2504",,0.0000,,,-0.74%,¥0.00
198,2019-01-03,0.8353,"¥8,596,713.16","10,291,520.2504",,0.0000,,,-1.50%,¥0.00
199,2019-01-04,0.8537,"¥8,785,766.77","10,291,520.2504",,0.0000,,,0.67%,¥0.00
200,2019-01-07,0.8587,"¥8,836,934.50","10,291,520.2504",,0.0000,,,1.26%,¥0.00
201,2019-01-08,0.8616,"¥8,867,591.56","10,291,520.2504",,0.0000,,,1.61%,¥0.00
202,2019-01-09,0.8788,"¥9,044,532.20","10,291,520.2504",,0.0000,,,3.64%,¥0.00
203,2019-01-10,0.8831,"¥9,088,266.42","10,291,520.2504",,0.0000,,,4.14%,¥0.00
204,2019-01-11,0.8961,"¥9,222,054.12","10,291,520.2504",,0.0000,,,5.67%,¥0.00
205,2019-01-14,0.8831,"¥9,088,405.69","10,291,520.2504",,0.0000,,,4.14%,¥0.00
206,2019-01-15,0.9186,"¥9,453,300.70","10,291,520.2504",,0.0000,,,8.32%,¥0.00
207,2019-01-16,0.9243,"¥9,777,448.80","10,577,685.2942",,"286,165.0439",,,9.00%,"¥262,857.59"
208,2019-01-17,0.9213,"¥9,745,353.89","10,577,685.2942",,0.0000,,,8.64%,¥0.00
209,2019-01-15,0.9409,"¥9,952,703.97","10,577,685.2942",,0.0000,,,10.96%,¥0.00
210,2019-01-21,0.9492,"¥10,040,205.36","10,577,685.2942",,0.0000,,,11.93%,¥0.00
211,2019-01-22,0.9323,"¥9,861,737.35","10,577,685.2942",,0.0000,,,9.94%,¥0.00
212,2019-01-23,0.9286,"¥9,822,668.73","10,577,685.2942",,0.0000,,,9.51%,¥0.00
213,2019-01-24,0.9363,"¥9,903,704.50","10,577,685.2942",,0.0000,,,10.41%,¥0.00
214,2019-01-25,0.9478,"¥10,025,740.51","10,577,685.2942",,0.0000,,,11.77%,¥0.00
215,2019-01-26,0.9478,"¥10,060,740.51","10,614,612.1412",,"36,926.8469",,,11.77%,"¥35,000.00"
216,2019-01-28,0.9487,"¥10,069,646.82","10,614,612.1412",,0.0000,,,11.87%,¥0.00
217,2019-01-29,0.9533,"¥10,118,732.82","10,614,612.1412",,0.0000,,,12.42%,¥0.00
218,2019-01-30,0.9425,"¥10,004,049.26","10,614,612.1412",,0.0000,,,11.14%,¥0.00
219,2019-01-31,0.9562,"¥10,150,017.89","10,614,612.1412",,0.0000,,,12.76%,¥0.00
220,2019-02-01,0.9681,"¥10,275,842.38","10,614,612.1412",,0.0000,,,14.16%,¥0.00
221,2019-02-11,1.0082,"¥10,701,453.27","10,614,612.1412",,0.0000,,,18.89%,¥0.00
222,2019-02-12,1.0043,"¥10,660,323.95","10,614,612.1412",,0.0000,,,18.43%,¥0.00
223,2019-02-13,1.021,"¥10,838,003.61","10,614,612.1412",,0.0000,,,20.41%,¥0.00
224,2019-02-14,1.0333,"¥10,968,189.85","10,614,612.1412",,0.0000,,,21.85%,¥0.00
225,2019-02-15,1.0062,"¥10,680,144.44","10,614,612.1412",,0.0000,,,18.65%,¥0.00
226,2019-02-18,1.0324,"¥10,958,606.66","10,614,612.1412",,0.0000,,,21.75%,¥0.00
227,2019-02-19,1.0249,"¥10,879,368.04","10,614,612.1412",,0.0000,,,20.87%,¥0.00
228,2019-02-20,1.0261,"¥10,891,867.51","10,614,612.1412",,0.0000,,,21.00%,¥0.00
229,2019-02-21,1.0296,"¥10,928,842.92","10,614,612.1412",,0.0000,,,21.42%,¥0.00
230,2019-02-22,1.0395,"¥11,034,300.05","10,614,612.1412",,0.0000,,,22.59%,¥0.00
231,2019-02-25,1.0698,"¥11,355,583.63","10,614,612.1412",,0.0000,,,26.16%,¥0.00
232,2019-02-26,1.0509,"¥11,155,201.96","10,614,612.1412",,0.0000,,,23.93%,¥0.00
233,2019-02-27,1.0523,"¥11,170,169.31","10,614,612.1412",,0.0000,,,24.10%,¥0.00
234,2019-02-28,1.0605,"¥11,256,940.81","10,614,612.1412",,0.0000,,,25.06%,¥0.00
235,2019-03-01,1.0924,"¥11,595,786.75","10,614,612.1412",,0.0000,,,28.82%,¥0.00
236,2019-03-04,1.1025,"¥11,702,983.69","10,614,612.1412",,0.0000,,,30.02%,¥0.00
237,2019-03-05,1.1009,"¥12,684,133.94","11,521,612.6485",,"907,000.5073",,汪渊入资100万,29.82%,"¥1,000,000.00"
238,2019-03-06,1.0952,"¥12,618,968.42","11,521,612.6485",,0.0000,,,29.16%,¥0.00
239,2019-03-07,1.0704,"¥12,332,955.13","11,521,612.6485",,0.0000,,,26.23%,¥0.00
240,2019-03-08,1.0457,"¥12,047,881.19","11,521,612.6485",,0.0000,,,23.31%,¥0.00
241,2019-03-08,1.0457,"¥13,047,881.19","12,477,931.2301",,"956,318.5816",,汪渊入资100万,23.31%,"¥1,000,000.00"
242,2019-03-11,1.0649,"¥13,287,887.36","12,477,931.2301",,0.0000,,,25.58%,¥0.00
243,2019-03-12,1.0646,"¥13,284,149.58","12,477,931.2301",,0.0000,,,25.54%,¥0.00
244,2019-03-12,1.0646,"¥13,284,300.58","12,478,073.0659",,141.8358,,,25.54%,¥151.00
245,2019-03-13,1.0604,"¥13,232,186.08","12,478,073.0659",,0.0000,,,25.05%,¥0.00
246,2019-03-14,1.0743,"¥13,405,699.77","12,478,073.0659",,0.0000,,,26.69%,¥0.00
247,2019-03-15,1.0848,"¥13,535,710.78","12,478,073.0659",,0.0000,,,27.92%,¥0.00
248,2019-03-18,1.1177,"¥13,946,344.59","12,478,073.0659",,0.0000,,,31.80%,¥0.00
249,2019-03-19,1.0998,"¥13,722,838.15","12,478,073.0659",,0.0000,,,29.69%,¥0.00
250,2019-03-20,1.1016,"¥13,746,415.68","12,478,073.0659",,0.0000,,,29.91%,¥0.00
251,2019-03-21,1.0952,"¥13,666,307.74","12,478,073.0659",,0.0000,,,29.15%,¥0.00
252,2019-03-22,1.0991,"¥13,714,246.05","12,478,073.0659",,0.0000,,,29.61%,¥0.00
253,2019-03-25,1.0696,"¥13,346,036.78","12,478,073.0659",,0.0000,,,26.13%,¥0.00
254,2019-03-26,1.0659,"¥13,300,307.15","12,478,073.0659",,0.0000,,,25.69%,¥0.00
255,2019-03-27,1.0834,"¥13,518,843.44","12,478,073.0659",,0.0000,,,27.76%,¥0.00
256,2019-03-28,1.0901,"¥13,601,934.18","12,478,073.0659",,0.0000,,,28.55%,¥0.00
257,2019-03-29,1.1331,"¥14,138,811.11","12,478,073.0659",,0.0000,,,33.62%,¥0.00
258,2019-04-01,1.1463,"¥14,304,080.76","12,478,073.0659",,0.0000,,,35.18%,¥0.00
259,2019-04-02,1.1395,"¥14,218,367.53","12,478,073.0659",,0.0000,,,34.37%,¥0.00
260,2019-04-03,1.1383,"¥14,203,311.45","12,478,073.0659",,0.0000,,,34.23%,¥0.00
261,2019-04-04,1.1578,"¥14,446,793.37","12,478,073.0659",,0.0000,,,36.53%,¥0.00
262,2019-04-08,1.1757,"¥14,670,071.30","12,478,073.0659",,0.0000,,,38.64%,¥0.00
263,2019-04-09,1.1953,"¥14,915,073.28","12,478,073.0659",,0.0000,,,40.95%,¥0.00
264,2019-04-10,1.2404,"¥15,478,246.60","12,478,073.0659",,0.0000,,,46.28%,¥0.00
265,2019-04-11,1.2056,"¥15,043,856.43","12,478,073.0659",,0.0000,,,42.17%,¥0.00
266,2019-04-12,1.2005,"¥14,980,044.34","12,478,073.0659",,0.0000,,,41.57%,¥0.00
267,2019-04-15,1.2011,"¥14,986,880.12","12,478,073.0659",,0.0000,,,41.63%,¥0.00
268,2019-04-16,1.2289,"¥15,334,534.91","12,478,073.0659",,0.0000,,,44.92%,¥0.00
269,2019-04-17,1.2281,"¥15,324,786.99","12,478,073.0659",,0.0000,,,44.83%,¥0.00
270,2019-04-18,1.231,"¥15,360,741.76","12,478,073.0659",,0.0000,,,45.17%,¥0.00
271,2019-04-19,1.2627,"¥15,756,597.12","12,478,073.0659",,0.0000,,,48.91%,¥0.00
272,2019-04-22,1.241,"¥15,484,797.89","12,478,073.0659",,0.0000,,,46.34%,¥0.00
273,2019-04-23,1.258,"¥15,697,202.08","12,478,073.0659",,0.0000,,,48.35%,¥0.00
274,2019-04-24,1.2494,"¥15,590,003.77","12,478,073.0659",,0.0000,,,47.33%,¥0.00
275,2019-04-25,1.2161,"¥15,174,653.97","12,478,073.0659",,0.0000,,,43.41%,¥0.00
276,2019-04-26,1.1947,"¥14,907,334.08","12,478,073.0659",,0.0000,,,40.88%,¥0.00
277,2019-04-29,1.2173,"¥15,210,350.98","12,494,813.9170",,"16,740.8512",,Lina入资,43.55%,"¥20,000.00"
278,2019-04-30,1.2065,"¥15,074,917.98","12,494,813.9170",,0.0000,,,42.27%,¥0.00
279,2019-05-04,1.2088,"¥15,103,252.02","12,494,813.9170",,0.0000,,,42.54%,¥0.00
280,2019-05-06,1.1418,"¥14,266,798.31","12,494,813.9170",,0.0000,,,34.65%,¥0.00
281,2019-05-07,1.149,"¥15,362,514.10","13,370,610.5496",,"875,796.6326",,汪渊入资,35.49%,"¥1,000,000.00"
282,2019-05-08,1.1374,"¥15,208,017.96","13,370,610.5496",,0.0000,,,34.13%,¥0.00
283,2019-05-09,1.1116,"¥14,862,478.72","13,370,610.5496",,0.0000,,,31.08%,¥0.00
284,2019-05-10,1.1595,"¥15,503,555.97","13,370,610.5496",,0.0000,,,36.74%,¥0.00
285,2019-05-13,1.1405,"¥15,248,688.78","13,370,610.5496",,0.0000,,,34.49%,¥0.00
286,2019-05-14,1.132,"¥15,135,321.56","13,370,610.5496",,0.0000,,,33.49%,¥0.00
287,2019-05-15,1.1726,"¥15,677,831.91","13,370,610.5496",,0.0000,,,38.27%,¥0.00
288,2019-05-16,1.1749,"¥15,708,804.36","13,370,610.5496",,0.0000,,,38.55%,¥0.00
289,2019-05-17,1.1561,"¥15,457,669.90","13,370,610.5496",,0.0000,,,36.33%,¥0.00
290,2019-05-20,1.1354,"¥15,180,512.57","13,370,610.5496",,0.0000,,,33.89%,¥0.00
291,2019-05-21,1.1476,"¥15,344,367.26","13,370,610.5496",,0.0000,,,35.33%,¥0.00
292,2019-05-22,1.1379,"¥15,214,535.71","13,370,610.5496",,0.0000,,,34.19%,¥0.00
293,2019-05-23,1.1062,"¥14,790,456.17","13,370,610.5496",,0.0000,,,30.45%,¥0.00
294,2019-05-24,1.1188,"¥14,959,363.80","13,370,610.5496",,0.0000,,,31.94%,¥0.00
295,2019-05-27,1.1209,"¥14,987,581.90","13,370,610.5496",,0.0000,,,32.19%,¥0.00
296,2019-05-28,1.1356,"¥15,184,067.63","13,370,610.5496",,0.0000,,,33.92%,¥0.00
297,2019-05-29,1.1409,"¥15,254,200.00","13,370,610.5496",,0.0000,,,34.54%,¥0.00
298,2019-05-30,1.1362,"¥15,191,639.28","13,370,610.5496",,0.0000,,,33.98%,¥0.00
299,2019-05-31,1.1246,"¥15,037,156.48","13,370,610.5496",,0.0000,,,32.62%,¥0.00
300,2019-06-03,1.1238,"¥15,025,989.72","13,370,610.5496",,0.0000,,,32.52%,¥0.00
301,2019-06-04,1.1077,"¥14,811,219.40","13,370,610.5496",,0.0000,,,30.63%,¥0.00
302,2019-06-05,1.1101,"¥14,842,720.11","13,370,610.5496",,0.0000,,,30.91%,¥0.00
303,2019-06-06,1.1022,"¥14,736,840.39","13,370,610.5496",,0.0000,,,29.97%,¥0.00
304,2019-06-07,1.1021,"¥14,735,693.15","13,370,610.5496",,0.0000,,,29.96%,¥0.00
305,2019-06-10,1.1156,"¥14,916,569.30","13,370,610.5496",,0.0000,,,31.56%,¥0.00
306,2019-06-11,1.1485,"¥15,355,610.21","13,370,610.5496",,0.0000,,,35.43%,¥0.00
307,2019-06-12,1.1389,"¥15,228,326.85","13,370,610.5496",,0.0000,,,34.31%,¥0.00
308,2019-06-13,1.1337,"¥15,157,991.66","13,370,610.5496",,0.0000,,,33.69%,¥0.00
309,2019-06-14,1.1336,"¥15,156,712.89","13,370,610.5496",,0.0000,,,33.68%,¥0.00
310,2019-06-17,1.1307,"¥15,117,903.19","13,370,610.5496",,0.0000,,,33.33%,¥0.00
311,2019-06-18,1.1358,"¥15,185,993.07","13,370,610.5496",,0.0000,,,33.94%,¥0.00
312,2019-06-19,1.1546,"¥15,437,096.07","13,370,610.5496",,0.0000,,,36.15%,¥0.00
313,2019-06-20,1.1923,"¥15,942,443.32","13,370,610.5496",,0.0000,,,40.61%,¥0.00
314,2019-06-21,1.1934,"¥15,956,979.39","13,370,610.5496",,0.0000,,,40.73%,¥0.00
315,2019-06-24,1.2001,"¥16,046,068.59","13,370,610.5496",,0.0000,,,41.52%,¥0.00
316,2019-06-25,1.1828,"¥15,814,319.13","13,370,610.5496",,0.0000,,,39.48%,¥0.00
317,2019-06-26,1.1827,"¥15,813,194.40","13,370,610.5496",,0.0000,,,39.47%,¥0.00
318,2019-06-27,1.1995,"¥16,037,402.47","13,370,610.5496",,0.0000,,,41.44%,¥0.00
319,2019-06-28,1.1979,"¥16,017,136.62","13,370,610.5496",,0.0000,,,41.27%,¥0.00
320,2019-07-01,1.2486,"¥16,694,485.55","13,370,610.5496",,0.0000,,,47.24%,¥0.00
321,2019-07-02,1.2486,"¥16,695,066.42","13,370,610.5496",,0.0000,,,47.24%,¥0.00
322,2019-07-03,1.222,"¥16,339,399.55","13,370,610.5496",,0.0000,,,44.11%,¥0.00
323,2019-07-04,1.2139,"¥16,230,063.52","13,370,610.5496",,0.0000,,,43.14%,¥0.00
324,2019-07-05,1.229,"¥16,433,003.09","13,370,610.5496",,0.0000,,,44.93%,¥0.00
325,2019-07-08,1.208,"¥16,151,372.98","13,370,610.5496",,0.0000,,,42.45%,¥0.00
326,2019-07-09,1.1999,"¥16,043,266.93","13,370,610.5496",,0.0000,,,41.50%,¥0.00
327,2019-07-10,1.2034,"¥16,089,685.25","13,370,610.5496",,0.0000,,,41.91%,¥0.00
328,2019-07-11,1.2024,"¥16,076,894.45","13,370,610.5496",,0.0000,,,41.79%,¥0.00
329,2019-07-12,1.2104,"¥16,184,231.10","13,370,610.5496",,0.0000,,,42.74%,¥0.00
330,2019-07-15,1.2031,"¥16,086,218.78","13,370,610.5496",,0.0000,,,41.87%,¥0.00
331,2019-07-16,1.1951,"¥15,978,631.55","13,370,610.5496",,0.0000,,,40.93%,¥0.00
332,2019-07-17,1.1929,"¥15,949,848.22","13,370,610.5496",,0.0000,,,40.67%,¥0.00
333,2019-07-18,1.1789,"¥15,762,946.17","13,370,610.5496",,0.0000,,,39.02%,¥0.00
334,2019-07-19,1.1854,"¥16,296,002.01","13,747,200.7692",,"376,590.2196",,赵娜萍入金港币504800,39.79%,"¥443,971.60"
335,2019-07-22,1.1841,"¥16,277,569.26","13,747,200.7692",,0.0000,,,39.63%,¥0.00
336,2019-07-23,1.1832,"¥16,265,714.43","13,747,200.7692",,0.0000,,,39.53%,¥0.00
337,2019-07-24,1.1824,"¥16,255,139.91","13,747,200.7692",,0.0000,,,39.44%,¥0.00
338,2019-07-25,1.1969,"¥16,454,198.56","13,747,200.7692",,0.0000,,,41.14%,¥0.00
339,2019-07-26,1.1986,"¥16,477,323.36","13,747,200.7692",,0.0000,,,41.34%,¥0.00
340,2019-07-29,1.1984,"¥16,475,082.55","13,747,200.7692",,0.0000,,,41.32%,¥0.00
341,2019-07-30,1.2078,"¥16,603,474.80","13,747,200.7692",,0.0000,,,42.43%,¥0.00
342,2019-07-31,1.1969,"¥16,454,024.80","13,747,200.7692",,0.0000,,,41.14%,¥0.00
343,2019-08-01,1.1835,"¥16,269,392.75","13,747,200.7692",,0.0000,,,39.56%,¥0.00
344,2019-08-02,1.1685,"¥16,062,959.65","13,747,200.7692",,0.0000,,,37.79%,¥0.00
345,2019-08-05,1.1521,"¥15,838,810.12","13,747,200.7692",,0.0000,,,35.87%,¥0.00
346,2019-08-06,1.152,"¥15,836,517.24","13,747,200.7692",,0.0000,,,35.85%,¥0.00
347,2019-08-07,1.1455,"¥15,747,836.58","13,747,200.7692",,0.0000,,,35.09%,¥0.00
348,2019-08-08,1.1648,"¥16,012,147.91","13,747,200.7692",,0.0000,,,37.35%,¥0.00
349,2019-08-09,1.1546,"¥15,872,364.93","13,747,200.7692",,0.0000,,,36.15%,¥0.00
350,2019-08-12,1.1862,"¥16,307,547.65","13,747,200.7692",,0.0000,,,39.89%,¥0.00
351,2019-08-13,1.18,"¥16,221,015.19","13,747,200.7692",,0.0000,,,39.14%,¥0.00
352,2019-08-14,1.1934,"¥16,405,530.76","13,747,200.7692",,0.0000,,,40.73%,¥0.00
353,2019-08-15,1.1932,"¥16,402,757.53","13,747,200.7692",,0.0000,,,40.70%,¥0.00
354,2019-08-16,1.2004,"¥16,502,326.38","13,747,200.7692",,0.0000,,,41.56%,¥0.00
355,2019-08-19,1.2159,"¥16,715,487.10","13,747,200.7692",,0.0000,,,43.39%,¥0.00
356,2019-08-20,1.2253,"¥16,844,437.99","13,747,200.7692",,0.0000,,,44.49%,¥0.00
357,2019-08-21,1.2272,"¥16,870,105.92","13,747,200.7692",,0.0000,,,44.71%,¥0.00
358,2019-08-22,1.2496,"¥17,178,688.39","13,747,200.7692",,0.0000,,,47.36%,¥0.00
359,2019-08-23,1.2617,"¥17,345,467.19","13,747,200.7692",,0.0000,,,48.79%,¥0.00
360,2019-08-26,1.2361,"¥16,993,172.23","13,747,200.7692",,0.0000,,,45.77%,¥0.00
361,2019-08-27,1.2487,"¥17,165,446.43","13,747,200.7692",,0.0000,,,47.25%,¥0.00
362,2019-08-28,1.2492,"¥17,172,401.51","13,747,200.7692",,0.0000,,,47.31%,¥0.00
363,2019-08-29,1.2549,"¥17,250,841.35","13,747,200.7692",,0.0000,,,47.98%,¥0.00
364,2019-08-30,1.2713,"¥17,477,204.79","13,747,200.7692",,0.0000,,,49.92%,¥0.00
365,2019-09-02,1.2821,"¥17,625,820.13","13,747,200.7692",,0.0000,,,51.20%,¥0.00
366,2019-09-03,1.2859,"¥17,677,768.76","13,747,200.7692",,0.0000,,,51.64%,¥0.00
367,2019-09-04,1.2905,"¥17,740,166.22","13,747,200.7692",,0.0000,,,52.18%,¥0.00
368,2019-09-05,1.296,"¥17,815,945.20","13,747,200.7692",,0.0000,,,52.83%,¥0.00
369,2019-09-06,1.2983,"¥17,848,572.24","13,747,200.7692",,0.0000,,,53.11%,¥0.00
370,2019-09-09,1.3026,"¥17,907,541.54","13,747,200.7692",,0.0000,,,53.61%,¥0.00
371,2019-09-10,1.2956,"¥17,811,397.02","13,747,200.7692",,0.0000,,赵娜萍提取20万,52.79%,¥0.00
372,2019-09-11,1.266,"¥17,208,329.07","13,592,836.6758",,"-154,364.0934",,,49.29%,"-¥200,000.00"
373,2019-09-12,1.2838,"¥17,450,745.35","13,592,836.6758",,0.0000,,,51.39%,¥0.00
374,2019-09-13,1.2846,"¥17,461,616.14","13,592,836.6758",,0.0000,,,51.49%,¥0.00
375,2019-09-16,1.2769,"¥17,356,929.53","13,592,836.6758",,0.0000,,,50.58%,¥0.00
376,2019-09-17,1.2652,"¥17,197,559.97","13,592,836.6758",,0.0000,,,49.20%,¥0.00
377,2019-09-18,1.2924,"¥17,567,955.58","13,592,836.6758",,0.0000,,,52.41%,¥0.00
378,2019-09-19,1.2918,"¥17,559,334.00","13,592,836.6758",,0.0000,,,52.34%,¥0.00
379,2019-09-20,1.2957,"¥17,612,633.95","13,592,836.6758",,0.0000,,,52.80%,¥0.00
380,2019-09-23,1.2849,"¥17,466,057.49","13,592,836.6758",,0.0000,,,51.53%,¥0.00
381,2019-09-24,1.3004,"¥17,676,196.30","13,592,836.6758",,0.0000,,,53.35%,¥0.00
382,2019-09-25,1.2943,"¥17,592,978.86","13,592,836.6758",,0.0000,,,52.63%,¥0.00
383,2019-09-26,1.2928,"¥17,572,169.82","13,592,836.6758",,0.0000,,,52.45%,¥0.00
384,2019-09-27,1.291,"¥17,548,679.80","13,592,836.6758",,0.0000,,,52.24%,¥0.00
385,2019-09-30,1.2785,"¥17,379,048.73","13,592,836.6758",,0.0000,,,50.77%,¥0.00
386,2019-10-08,1.287,"¥17,494,302.55","13,592,836.6758",,0.0000,,,51.77%,¥0.00
387,2019-10-09,1.2709,"¥17,274,530.52","13,592,836.6758",,0.0000,,,49.86%,¥0.00
388,2019-10-10,1.2737,"¥17,313,481.37","13,592,836.6758",,0.0000,,,50.20%,¥0.00
389,2019-10-11,1.2893,"¥17,525,829.04","13,592,836.6758",,0.0000,,,52.04%,¥0.00
390,2019-10-14,1.3013,"¥17,688,852.57","13,592,836.6758",,0.0000,,,53.46%,¥0.00
391,2019-10-15,1.31,"¥17,806,718.78","13,592,836.6758",,0.0000,,,54.48%,¥0.00
392,2019-10-16,1.3001,"¥17,672,224.27","13,592,836.6758",,0.0000,,,53.31%,¥0.00
393,2019-10-17,1.3066,"¥17,760,112.87","13,592,836.6758",,0.0000,,,54.08%,¥0.00
394,2019-10-18,1.2966,"¥17,624,391.47","13,592,836.6758",,0.0000,,,52.90%,¥0.00
395,2019-10-21,1.2978,"¥17,640,282.47","13,592,836.6758",,0.0000,,,53.04%,¥0.00
396,2019-10-22,1.3,"¥17,670,864.76","13,592,836.6758",,0.0000,,,53.30%,¥0.00
397,2019-10-23,1.2895,"¥17,527,672.64","13,592,836.6758",,0.0000,,,52.06%,¥0.00
398,2019-10-24,1.2896,"¥17,528,736.65","13,592,836.6758",,0.0000,,,52.07%,¥0.00
399,2019-10-25,1.2955,"¥17,608,876.85","13,592,836.6758",,0.0000,,,52.77%,¥0.00
400,2019-10-26,1.2955,"¥18,315,152.17","14,138,032.4441",,"545,195.7683",,邓烨入金10万美元,52.77%,"¥706,275.33"
401,2019-10-28,1.3003,"¥18,383,679.86","14,138,032.4441",,0.0000,,,53.34%,¥0.00
402,2019-10-29,1.3218,"¥18,687,398.64","14,138,032.4441",,0.0000,,,55.87%,¥0.00
403,2019-10-30,1.3139,"¥18,575,996.73","14,138,032.4441",,0.0000,,,54.94%,¥0.00
404,2019-10-31,1.3098,"¥18,517,387.60","14,138,032.4441",,0.0000,,,54.45%,¥0.00
405,2019-11-01,1.3354,"¥18,879,544.87","14,138,032.4441",,0.0000,,,57.47%,¥0.00
406,2019-11-04,1.3493,"¥19,076,619.51","14,138,032.4441",,0.0000,,,59.12%,¥0.00
407,2019-11-05,1.3492,"¥19,375,530.53","14,360,367.9439",,"222,335.4998",,歪歪入金30万,59.11%,"¥300,000.00"
408,2019-11-06,1.3446,"¥19,308,277.62","14,360,367.9439",,0.0000,,,58.56%,¥0.00
409,2019-11-07,1.3468,"¥19,290,139.77","14,323,180.8674",,"-37,187.0765",,赵娜萍提取5万,58.82%,"-¥50,000.00"
410,2019-11-08,1.3487,"¥19,318,303.13","14,323,180.8674",,0.0000,,,59.05%,¥0.00
411,2019-11-11,1.3297,"¥19,046,243.01","14,323,180.8674",,0.0000,,,56.81%,¥0.00
412,2019-11-12,1.325,"¥18,977,874.56","14,323,180.8674",,0.0000,,,56.25%,¥0.00
413,2019-11-13,1.33,"¥19,049,840.36","14,323,180.8674",,0.0000,,,56.84%,¥0.00
414,2019-11-14,1.3284,"¥19,026,927.14","14,323,180.8674",,0.0000,,,56.65%,¥0.00
415,2019-11-15,1.3249,"¥18,976,134.65","14,323,180.8674",,0.0000,,,56.23%,¥0.00
416,2019-11-18,1.3311,"¥19,065,202.47","14,323,180.8674",,0.0000,,,56.97%,¥0.00
417,2019-11-19,1.3423,"¥19,226,561.25","14,323,180.8674",,0.0000,,,58.29%,¥0.00
418,2019-11-20,1.3368,"¥19,146,561.15","14,323,180.8674",,0.0000,,,57.64%,¥0.00
419,2019-11-21,1.3274,"¥19,012,423.72","14,323,180.8674",,0.0000,,,56.53%,¥0.00
420,2019-11-22,1.3061,"¥18,706,906.19","14,323,180.8674",,0.0000,,,54.02%,¥0.00
421,2019-11-23,1.3061,"¥19,726,906.19","15,104,156.8520",,"780,975.9847",,张黎入金100万，Lina入金2万,54.02%,"¥1,020,000.00"
422,2019-11-25,1.31,"¥19,785,697.91","15,104,156.8520",,0.0000,,,54.47%,¥0.00
423,2019-11-26,1.3137,"¥19,641,036.02","14,951,479.3279",,"-152,677.5241",,赵娜萍提取20万,54.91%,"-¥200,000.00"
424,2019-11-27,1.3108,"¥19,597,827.42","14,951,479.3279",,0.0000,,,54.57%,¥0.00
425,2019-11-28,1.3066,"¥19,535,218.29","14,951,479.3279",,0.0000,,,54.08%,¥0.00
426,2019-11-29,1.2811,"¥19,154,940.82","14,951,479.3279",,0.0000,,,51.08%,¥0.00
427,2019-12-02,1.2876,"¥19,250,847.75","14,951,479.3279",,0.0000,,,51.83%,¥0.00
428,2019-12-03,1.2936,"¥19,340,954.86","14,951,479.3279",,0.0000,,,52.54%,¥0.00
429,2019-12-04,1.2986,"¥19,415,975.14","14,951,479.3279",,0.0000,,,53.14%,¥0.00
430,2019-12-05,1.301,"¥19,451,490.16","14,951,479.3279",,0.0000,,,53.42%,¥0.00
431,2019-12-06,1.3166,"¥19,685,064.18","14,951,479.3279",,0.0000,,,55.26%,¥0.00
432,2019-12-09,1.3104,"¥19,592,659.89","14,951,479.3279",,0.0000,,,54.53%,¥0.00
433,2019-12-10,1.3112,"¥19,604,438.32","14,951,479.3279",,0.0000,,,54.62%,¥0.00
434,2019-12-11,1.3091,"¥19,573,708.12","14,951,479.3279",,0.0000,,,54.38%,¥0.00
435,2019-12-12,1.3007,"¥19,447,249.06","14,951,479.3279",,0.0000,,,53.38%,¥0.00
436,2019-12-13,1.3274,"¥19,846,662.81","14,951,479.3279",,0.0000,,,56.53%,¥0.00
437,2019-12-16,1.3246,"¥19,805,040.94","14,951,479.3279",,0.0000,,,56.20%,¥0.00
438,2019-12-17,1.3436,"¥20,089,062.27","14,951,479.3279",,0.0000,,,58.44%,¥0.00
439,2019-12-18,1.3566,"¥20,283,795.07","14,951,479.3279",,0.0000,,,59.98%,¥0.00
440,2019-12-19,1.3535,"¥20,236,841.57","14,951,479.3279",,0.0000,,,59.61%,¥0.00
441,2019-12-20,1.3495,"¥20,176,744.69","14,951,479.3279",,0.0000,,,59.14%,¥0.00
442,2019-12-23,1.3489,"¥20,167,912.94","14,951,479.3279",,0.0000,,,59.07%,¥0.00
443,2019-12-24,1.3578,"¥20,300,392.09","14,951,479.3279",,0.0000,,,60.11%,¥0.00
444,2019-12-25,1.35,"¥20,184,416.92","14,951,479.3279",,0.0000,,,59.20%,¥0.00
445,2019-12-26,1.3533,"¥20,234,192.70","14,951,479.3279",,0.0000,,,59.59%,¥0.00
446,2019-12-27,1.3624,"¥20,370,520.29","14,951,479.3279",,0.0000,,,60.66%,¥0.00
447,2019-12-30,1.3764,"¥20,579,135.00","14,951,479.3279",,0.0000,,赵娜萍提取10万,62.31%,¥0.00
448,2019-12-31,1.3704,"¥20,390,300.15","14,878,825.7430",,"-72,653.5850",,,61.61%,"-¥100,000.00"
449,2019-12-31,1.3704,"¥20,390,300.15","14,878,825.7430",,0.0000,,,0.00%,¥0.00
450,2020-01-02,1.3738,"¥20,441,029.33","14,878,825.7430",,0.0000,,,0.25%,¥0.00
451,2020-01-03,1.3565,"¥20,182,643.69","14,878,825.7430",,0.0000,,,-1.02%,¥0.00
452,2020-01-06,1.351,"¥20,101,203.59","14,878,825.7430",,0.0000,,,-1.42%,¥0.00
453,2020-01-07,1.3648,"¥20,307,030.98","14,878,825.7430",,0.0000,,,-0.41%,¥0.00
454,2020-01-08,1.3665,"¥20,331,971.46","14,878,825.7430",,0.0000,,,-0.29%,¥0.00
455,2020-01-09,1.39,"¥20,681,379.79","14,878,825.7430",,0.0000,,,1.43%,¥0.00
456,2020-01-10,1.3976,"¥20,794,603.40","14,878,825.7430",,0.0000,,,1.98%,¥0.00
457,2020-01-12,1.3976,"¥20,915,401.65","14,965,258.5581",,"86,432.8152",,赵娜萍入金135500港元,1.98%,"¥120,798.25"
458,2020-01-13,1.4036,"¥21,005,654.49","14,965,258.5581",,0.0000,,,2.42%,¥0.00
459,2020-01-14,1.3939,"¥20,860,461.38","14,965,258.5581",,0.0000,,,1.71%,¥0.00
460,2020-01-15,1.39,"¥20,801,143.34","14,965,258.5581",,0.0000,,,1.43%,¥0.00
461,2020-01-16,1.3799,"¥20,650,047.84","14,965,258.5581",,0.0000,,,0.69%,¥0.00
462,2020-01-17,1.3794,"¥20,642,849.47","14,965,258.5581",,0.0000,,,0.65%,¥0.00
463,2020-01-20,1.373,"¥20,547,681.00","14,965,258.5581",,0.0000,,,0.19%,¥0.00
464,2020-01-21,1.3458,"¥20,140,758.67","14,965,258.5581",,0.0000,,,-1.79%,¥0.00
465,2020-01-22,1.3555,"¥20,285,311.39","14,965,258.5581",,0.0000,,,-1.09%,¥0.00
466,2020-01-23,1.3204,"¥19,759,760.75","14,965,258.5581",,0.0000,,,-3.65%,¥0.00
467,2020-01-31,1.3159,"¥19,692,708.71","14,965,258.5581",,0.0000,,,-3.98%,¥0.00
468,2020-02-03,1.2505,"¥18,713,394.48","14,965,258.5581",,0.0000,,,-8.75%,¥0.00
469,2020-02-04,1.2824,"¥19,191,700.33","14,965,258.5581",,0.0000,,,-6.42%,¥0.00
470,2020-02-05,1.3015,"¥19,477,297.75","14,965,258.5581",,0.0000,,,-5.03%,¥0.00
471,2020-02-06,1.3156,"¥19,688,606.74","14,965,258.5581",,0.0000,,,-4.00%,¥0.00
472,2020-02-07,1.3119,"¥19,633,327.70","14,965,258.5581",,0.0000,,,-4.27%,¥0.00
473,2020-02-10,1.3074,"¥19,565,037.29","14,965,258.5581",,0.0000,,,-4.60%,¥0.00
474,2020-02-11,1.3335,"¥19,955,475.22","14,965,258.5581",,0.0000,,,-2.70%,¥0.00
475,2020-02-12,1.3361,"¥19,995,764.18","14,965,258.5581",,0.0000,,,-2.50%,¥0.00
476,2020-02-13,1.3254,"¥19,834,333.96","14,965,258.5581",,0.0000,,,-3.29%,¥0.00
477,2020-02-14,1.3259,"¥19,842,438.26","14,965,258.5581",,0.0000,,,-3.25%,¥0.00
478,2020-02-17,1.3378,"¥20,021,169.56","14,965,258.5581",,0.0000,,,-2.38%,¥0.00
479,2020-02-18,1.326,"¥19,844,013.87","14,965,258.5581",,0.0000,,,-3.24%,¥0.00
480,2020-02-19,1.3289,"¥19,886,661.93","14,965,258.5581",,0.0000,,,-3.03%,¥0.00
481,2020-02-20,1.3551,"¥20,278,705.60","14,965,258.5581",,0.0000,,,-1.12%,¥0.00
482,2020-02-21,1.3459,"¥20,141,210.05","14,965,258.5581",,0.0000,,,-1.79%,¥0.00
483,2020-02-24,1.3194,"¥19,745,844.01","14,965,258.5581",,0.0000,,,-3.72%,¥0.00
484,2020-02-25,1.3065,"¥19,552,017.87","14,965,258.5581",,0.0000,,,-4.66%,¥0.00
485,2020-02-26,1.302,"¥19,484,930.57","14,965,258.5581",,0.0000,,,-4.99%,¥0.00
486,2020-02-27,1.3076,"¥19,568,861.38","14,965,258.5581",,0.0000,,,-4.58%,¥0.00
487,2020-02-28,1.272,"¥19,035,978.69","14,965,258.5581",,0.0000,,,-7.18%,¥0.00
488,2020-03-02,1.2954,"¥19,386,680.01","14,965,258.5581",,0.0000,,,-5.47%,¥0.00
489,2020-03-03,1.3032,"¥19,502,596.97","14,965,258.5581",,0.0000,,,-4.91%,¥0.00
490,2020-03-04,1.3057,"¥19,539,719.61","14,965,258.5581",,0.0000,,,-4.72%,¥0.00
491,2020-03-05,1.3448,"¥20,124,997.22","14,965,258.5581",,0.0000,,,-1.87%,¥0.00
492,2020-03-06,1.3212,"¥19,772,309.97","14,965,258.5581",,0.0000,,,-3.59%,¥0.00
493,2020-03-09,1.2758,"¥19,092,331.40","14,965,258.5581",,0.0000,,,-6.91%,¥0.00
494,2020-03-10,1.3049,"¥19,528,711.36","14,965,258.5581",,0.0000,,,-4.78%,¥0.00
495,2020-03-11,1.2951,"¥19,381,348.10","14,965,258.5581",,0.0000,,,-5.50%,¥0.00
496,2020-03-12,1.2701,"¥19,007,622.60","14,965,258.5581",,0.0000,,,-7.32%,¥0.00
497,2020-03-13,1.2466,"¥18,674,591.47","14,981,005.1445",,"15,746.5864",,Lina入金,-9.04%,"¥20,000.00"
498,2020-03-16,1.1941,"¥17,888,270.21","14,981,005.1445",,0.0000,,,-12.87%,¥0.00
499,2020-03-17,1.1757,"¥17,613,268.74","14,981,005.1445",,0.0000,,,-14.21%,¥0.00
500,2020-03-18,1.1471,"¥17,185,371.80","14,981,005.1445",,0.0000,,,-16.29%,¥0.00
501,2020-03-19,1.1263,"¥16,873,295.51","14,981,005.1445",,0.0000,,,-17.81%,¥0.00
502,2020-03-20,1.1621,"¥17,409,443.71","14,981,005.1445",,0.0000,,,-15.20%,¥0.00
503,2020-03-23,1.1265,"¥16,875,437.85","14,981,005.1445",,0.0000,,,-17.80%,¥0.00
504,2020-03-24,1.1653,"¥17,456,796.88","14,981,005.1445",,0.0000,,,-14.97%,¥0.00
505,2020-03-25,1.1999,"¥17,976,277.98","14,981,005.1445",,0.0000,,,-12.44%,¥0.00
506,2020-03-26,1.1857,"¥17,763,147.07","14,981,005.1445",,0.0000,,,-13.48%,¥0.00
507,2020-03-27,1.1982,"¥17,949,791.39","14,981,005.1445",,0.0000,,,-12.57%,¥0.00
508,2020-03-30,1.1826,"¥17,717,081.06","14,981,005.1445",,0.0000,,,-13.70%,¥0.00
509,2020-03-31,1.207,"¥18,081,675.11","14,981,005.1445",,0.0000,,,-11.93%,¥0.00
510,2020-04-01,1.1981,"¥17,948,780.00","14,981,005.1445",,0.0000,,,-12.57%,¥0.00
511,2020-04-02,1.2212,"¥18,295,071.36","14,981,005.1445",,0.0000,,,-10.89%,¥0.00
512,2020-04-03,1.2141,"¥18,187,722.84","14,981,005.1445",,0.0000,,,-11.41%,¥0.00
513,2020-04-06,1.2175,"¥18,239,594.92","14,981,005.1445",,0.0000,,,-11.16%,¥0.00
514,2020-04-07,1.2394,"¥18,566,793.81","14,981,005.1445",,0.0000,,,-9.56%,¥0.00
515,2020-04-08,1.228,"¥18,396,185.87","14,981,005.1445",,0.0000,,,-10.40%,¥0.00
516,2020-04-09,1.2315,"¥18,448,704.31","14,981,005.1445",,0.0000,,,-10.14%,¥0.00
517,2020-04-10,1.2404,"¥18,581,947.51","14,981,005.1445",,0.0000,,,-9.49%,¥0.00
518,2020-04-13,1.2425,"¥18,613,359.26","14,981,005.1445",,0.0000,,,-9.34%,¥0.00
519,2020-04-14,1.2633,"¥18,926,095.38","14,981,005.1445",,0.0000,,,-7.81%,¥0.00
520,2020-04-15,1.2608,"¥18,887,654.33","14,981,005.1445",,0.0000,,,-8.00%,¥0.00
521,2020-04-16,1.2639,"¥18,934,439.90","14,981,005.1445",,0.0000,,,-7.77%,¥0.00
522,2020-04-17,1.2816,"¥19,199,415.61","14,981,005.1445",,0.0000,,,-6.48%,¥0.00
523,2020-04-20,1.2845,"¥19,242,388.15","14,981,005.1445",,0.0000,,,-6.27%,¥0.00
524,2020-04-21,1.263,"¥18,921,016.07","14,981,005.1445",,0.0000,,,-7.84%,¥0.00
525,2020-04-22,1.284,"¥19,235,546.12","14,981,005.1445",,0.0000,,,-6.31%,¥0.00
526,2020-04-23,1.2878,"¥19,292,375.67","14,981,005.1445",,0.0000,,,-6.03%,¥0.00
527,2020-04-24,1.2821,"¥19,206,737.41","14,981,005.1445",,0.0000,,,-6.45%,¥0.00
528,2020-04-27,1.3043,"¥19,540,285.01","14,981,005.1445",,0.0000,,,-4.82%,¥0.00
529,2020-04-28,1.3173,"¥19,734,485.61","14,981,005.1445",,0.0000,,,-3.88%,¥0.00
530,2020-04-29,1.3356,"¥20,008,222.22","14,981,005.1445",,0.0000,,,-2.54%,¥0.00
531,2020-04-30,1.3378,"¥20,041,342.64","14,981,005.1445",,0.0000,,,-2.38%,¥0.00
532,2020-05-06,1.3553,"¥20,303,795.16","14,981,005.1445",,0.0000,,,-1.10%,¥0.00
533,2020-05-07,1.3486,"¥20,204,081.31","14,981,005.1445",,0.0000,,,-1.59%,¥0.00
534,2020-05-08,1.3607,"¥20,385,155.97","14,981,005.1445",,0.0000,,,-0.71%,¥0.00
535,2020-05-11,1.3712,"¥20,542,070.68","14,981,005.1445",,0.0000,,,0.06%,¥0.00
536,2020-05-12,1.3714,"¥20,544,481.92","14,981,005.1445",,0.0000,,,0.07%,¥0.00
537,2020-05-13,1.3734,"¥20,217,657.65","14,720,832.9577",,"-260,172.1868",,,0.22%,"-¥356,792.00"
538,2020-05-14,1.3603,"¥20,024,976.67","14,720,832.9577",,0.0000,,,-0.74%,¥0.00
539,2020-05-15,1.35,"¥19,872,668.69","14,720,832.9577",,0.0000,,,-1.49%,¥0.00
540,2020-05-18,1.3694,"¥20,158,834.67","14,720,832.9577",,0.0000,,,-0.07%,¥0.00
541,2020-05-19,1.3855,"¥20,395,808.66","14,720,832.9577",,0.0000,,,1.10%,¥0.00
542,2020-05-20,1.3865,"¥20,601,351.16","14,858,693.3721",,"137,860.4144",,期权到账，入金,1.17%,"¥191,006.49"
543,2020-05-21,1.3862,"¥20,597,531.39","14,858,693.3721",,0.0000,,,1.15%,¥0.00
544,2020-05-22,1.3535,"¥20,110,939.62","14,858,693.3721",,0.0000,,,-1.24%,¥0.00
545,2020-05-25,1.3692,"¥20,344,083.30","14,858,693.3721",,0.0000,,,-0.09%,¥0.00
546,2020-05-26,1.3877,"¥20,618,969.58","14,858,693.3721",,0.0000,,,1.26%,¥0.00
547,2020-05-27,1.3762,"¥20,448,094.99","14,858,693.3721",,0.0000,,,0.42%,¥0.00
548,2020-05-28,1.3788,"¥20,487,253.10","14,858,693.3721",,0.0000,,,0.61%,¥0.00
549,2020-05-29,1.3879,"¥20,622,620.77","14,858,693.3721",,0.0000,,,1.28%,¥0.00
550,2020-06-01,1.4292,"¥21,236,293.41","14,858,693.3721",,0.0000,,,4.29%,¥0.00
551,2020-06-02,1.4225,"¥21,136,392.46","14,858,693.3721",,0.0000,,,3.80%,¥0.00
552,2020-06-03,1.4258,"¥21,185,652.38","14,858,693.3721",,0.0000,,,4.04%,¥0.00
553,2020-06-04,1.4383,"¥21,371,160.20","14,858,693.3721",,0.0000,,,4.95%,¥0.00
554,2020-06-05,1.4545,"¥21,611,358.88","14,858,693.3721",,0.0000,,,6.13%,¥0.00
555,2020-06-08,1.4587,"¥21,674,475.90","14,858,693.3721",,0.0000,,,6.44%,¥0.00
556,2020-06-09,1.4632,"¥21,741,381.29","14,858,693.3721",,0.0000,,,6.77%,¥0.00
557,2020-06-10,1.4645,"¥21,761,154.89","14,858,693.3721",,0.0000,,,6.87%,¥0.00
558,2020-06-11,1.4432,"¥21,443,678.63","14,858,693.3721",,0.0000,,,5.31%,¥0.00
559,2020-06-12,1.4487,"¥21,525,246.75","14,858,693.3721",,0.0000,,,5.71%,¥0.00
560,2020-06-15,1.411,"¥20,965,759.28","14,858,693.3721",,0.0000,,,2.96%,¥0.00
561,2020-06-16,1.4378,"¥21,363,974.06","14,858,693.3721",,0.0000,,,4.92%,¥0.00
562,2020-06-17,1.4388,"¥21,378,725.01","14,858,693.3721",,0.0000,,,4.99%,¥0.00
563,2020-06-18,1.4469,"¥21,499,591.41","14,858,693.3721",,0.0000,,,5.58%,¥0.00
564,2020-06-19,1.4604,"¥21,700,310.47","14,858,693.3721",,0.0000,,,6.57%,¥0.00
565,2020-06-22,1.4577,"¥21,659,168.51","14,858,693.3721",,0.0000,,,6.37%,¥0.00
566,2020-06-23,1.4835,"¥22,042,980.92","14,858,693.3721",,0.0000,,,8.25%,¥0.00
567,2020-06-24,1.4896,"¥22,133,481.01","14,858,693.3721",,0.0000,,,8.70%,¥0.00
568,2020-06-29,1.4769,"¥21,944,971.14","14,858,693.3721",,0.0000,,,7.77%,¥0.00
569,2020-06-30,1.489,"¥22,125,113.75","14,858,693.3721",,0.0000,,,8.66%,¥0.00
570,2020-07-01,1.5243,"¥22,648,887.39","14,858,693.3721",,0.0000,,,11.23%,¥0.00
571,2020-07-02,1.572,"¥23,358,168.96","14,858,693.3721",,0.0000,,,14.71%,¥0.00
572,2020-07-03,1.5799,"¥23,475,911.61","14,858,693.3721",,0.0000,,,15.29%,¥0.00
573,2020-07-06,1.648,"¥24,487,625.04","14,858,693.3721",,0.0000,,,20.26%,¥0.00
574,2020-07-07,1.6718,"¥24,841,320.97","14,858,693.3721",,0.0000,,,21.99%,¥0.00
575,2020-07-08,1.6703,"¥24,818,069.93","14,858,693.3721",,0.0000,,,21.88%,¥0.00
576,2020-07-09,1.6944,"¥25,177,015.97","14,858,693.3721",,0.0000,,,23.64%,¥0.00
577,2020-07-10,1.6829,"¥25,005,033.73","14,858,693.3721",,0.0000,,,22.80%,¥0.00
578,2020-07-13,1.7118,"¥25,435,132.53","14,858,693.3721",,0.0000,,,24.91%,¥0.00
579,2020-07-14,1.6879,"¥25,079,917.61","14,858,693.3721",,0.0000,,,23.17%,¥0.00
580,2020-07-15,1.6888,"¥25,092,936.35","14,858,693.3721",,0.0000,,,23.23%,¥0.00
581,2020-07-16,1.6074,"¥23,883,171.42","14,858,693.3721",,0.0000,,,17.29%,¥0.00
582,2020-07-17,1.6262,"¥24,162,621.13","14,858,693.3721",,0.0000,,,18.66%,¥0.00
583,2020-07-20,1.6412,"¥24,385,897.15","14,858,693.3721",,0.0000,,,19.76%,¥0.00
584,2020-07-21,1.6759,"¥24,902,303.55","14,858,693.3721",,0.0000,,,22.29%,¥0.00
585,2020-07-22,1.681,"¥24,977,831.12","14,858,693.3721",,0.0000,,,22.66%,¥0.00
586,2020-07-23,1.6801,"¥24,963,931.62","14,858,693.3721",,0.0000,,,22.60%,¥0.00
587,2020-07-24,1.6177,"¥24,036,241.56","14,858,693.3721",,0.0000,,,18.04%,¥0.00
588,2020-07-27,1.6345,"¥24,286,123.22","14,858,693.3721",,0.0000,,,19.27%,¥0.00
589,2020-07-28,1.6604,"¥24,670,880.41","14,858,693.3721",,0.0000,,,21.16%,¥0.00
590,2020-07-29,1.6754,"¥24,894,382.55","14,858,693.3721",,0.0000,,,22.25%,¥0.00
591,2020-07-30,1.6679,"¥24,783,321.20","14,858,693.3721",,0.0000,,,21.71%,¥0.00
592,2020-07-31,1.667,"¥24,769,371.07","14,858,693.3721",,0.0000,,,21.64%,¥0.00
593,2020-08-03,1.6709,"¥24,827,091.07","14,858,693.3721",,0.0000,,,21.92%,¥0.00
594,2020-08-04,1.6823,"¥24,997,383.44","14,858,693.3721",,0.0000,,,22.76%,¥0.00
595,2020-08-05,1.6839,"¥25,020,733.85","14,858,693.3721",,0.0000,,,22.88%,¥0.00
596,2020-08-06,1.668,"¥24,784,972.87","14,858,693.3721",,0.0000,,,21.72%,¥0.00
597,2020-08-07,1.6625,"¥25,499,180.87","15,338,296.6689",,"479,603.2968",,梦云入金,21.31%,"¥800,000.00"
598,2020-08-10,1.6636,"¥25,516,207.78","15,338,296.6689",,0.0000,,,21.39%,¥0.00
599,2020-08-11,1.6671,"¥25,569,907.51","15,338,296.6689",,0.0000,,,21.65%,¥0.00
600,2020-08-12,1.6565,"¥25,407,525.65","15,338,296.6689",,0.0000,,,20.87%,¥0.00
601,2020-08-13,1.6587,"¥25,642,087.27","15,459,034.8854",,"120,738.2165",,梦云入金,21.04%,"¥200,000.00"
602,2020-08-14,1.6759,"¥25,907,876.89","15,459,034.8854",,0.0000,,,22.29%,¥0.00
603,2020-08-17,1.7049,"¥26,356,054.13","15,459,034.8854",,0.0000,,,24.41%,¥0.00
604,2020-08-18,1.7016,"¥26,304,720.68","15,459,034.8854",,0.0000,,,24.16%,¥0.00
605,2020-08-19,1.6872,"¥26,082,228.60","15,459,034.8854",,0.0000,,,23.11%,¥0.00
606,2020-08-20,1.6675,"¥25,777,292.44","15,459,034.8854",,0.0000,,,21.67%,¥0.00
607,2020-08-21,1.6924,"¥26,162,250.98","15,459,034.8854",,0.0000,,,23.49%,¥0.00
608,2020-08-24,1.7214,"¥26,610,661.05","15,459,034.8854",,0.0000,,,25.61%,¥0.00
609,2020-08-25,1.7365,"¥26,845,298.60","15,459,034.8854",,0.0000,,,26.72%,¥0.00
610,2020-08-26,1.7288,"¥26,724,944.87","15,459,034.8854",,0.0000,,,26.15%,¥0.00
611,2020-08-27,1.7233,"¥26,641,229.11","15,459,034.8854",,0.0000,,,25.75%,¥0.00
612,2020-08-28,1.7581,"¥27,178,666.81","15,459,034.8854",,0.0000,,,28.29%,¥0.00
613,2020-08-31,1.7596,"¥27,201,104.82","15,459,034.8854",,0.0000,,,28.40%,¥0.00
614,2020-09-01,1.7606,"¥27,217,911.86","15,459,034.8854",,0.0000,,,28.47%,¥0.00
615,2020-09-02,1.765,"¥27,285,752.47","15,459,034.8854",,0.0000,,,28.79%,¥0.00
616,2020-09-03,1.7703,"¥27,366,700.53","15,459,034.8854",,0.0000,,,29.18%,¥0.00
617,2020-09-04,1.7461,"¥26,992,846.18","15,459,034.8854",,0.0000,,,27.41%,¥0.00
618,2020-09-07,1.7249,"¥26,666,054.46","15,459,034.8854",,0.0000,,,25.87%,¥0.00
619,2020-09-08,1.7156,"¥26,521,895.68","15,459,034.8854",,0.0000,,,25.19%,¥0.00
620,2020-09-09,1.6873,"¥26,084,443.28","15,459,034.8854",,0.0000,,,23.12%,¥0.00
621,2020-09-10,1.6925,"¥26,163,695.42","15,459,034.8854",,0.0000,,,23.50%,¥0.00
622,2020-09-11,1.7108,"¥26,447,283.12","15,459,034.8854",,0.0000,,,24.84%,¥0.00
623,2020-09-14,1.7233,"¥26,640,638.57","15,459,034.8854",,0.0000,,,25.75%,¥0.00
624,2020-09-15,1.7343,"¥26,810,491.16","15,458,524.2969",,-510.5885,,,26.56%,-¥879.90
625,2020-09-16,1.7214,"¥26,609,703.22","15,458,524.2969",,0.0000,,,25.61%,¥0.00
626,2020-09-17,1.6978,"¥26,246,247.03","15,458,524.2969",,0.0000,,,23.89%,¥0.00
627,2020-09-18,1.7234,"¥26,640,688.27","15,458,524.2969",,0.0000,,,25.75%,¥0.00
628,2020-09-21,1.7041,"¥26,342,441.97","15,458,524.2969",,0.0000,,,24.35%,¥0.00
629,2020-09-22,1.6961,"¥26,219,716.79","15,458,524.2969",,0.0000,,,23.77%,¥0.00
630,2020-09-23,1.6947,"¥26,197,196.14","15,458,524.2969",,0.0000,,,23.66%,¥0.00
631,2020-09-24,1.6644,"¥25,728,981.80","15,458,524.2969",,0.0000,,,21.45%,¥0.00
632,2020-09-25,1.6692,"¥25,803,137.35","15,458,524.2969",,0.0000,,,21.80%,¥0.00
633,2020-09-28,1.6785,"¥25,946,918.17","15,458,524.2969",,0.0000,,,22.48%,¥0.00
634,2020-09-29,1.6797,"¥25,965,682.52","15,458,524.2969",,0.0000,,,22.57%,¥0.00
635,2020-09-30,1.6872,"¥26,081,673.65","15,458,524.2969",,0.0000,,,23.12%,¥0.00
636,2020-10-08,1.6944,"¥26,193,635.86","15,458,524.2969",,0.0000,,,23.64%,¥0.00
637,2020-10-09,1.7062,"¥26,375,682.82","15,458,524.2969",,0.0000,,,24.50%,¥0.00
638,2020-10-12,1.7621,"¥27,240,230.23","15,458,524.2969",,0.0000,,,28.58%,¥0.00
639,2020-10-13,1.7948,"¥27,744,228.53","15,458,524.2969",,0.0000,,,30.96%,¥0.00
640,2020-10-14,1.807,"¥27,933,490.09","15,458,603.5000",,79.2031,,入金-税款,31.86%,¥142.15
641,2020-10-15,1.797,"¥27,778,798.73","15,458,608.4806",,4.9807,,,31.13%,¥9.00
642,2020-10-16,1.8003,"¥27,830,348.36","15,458,608.4806",,0.0000,,,31.37%,¥0.00
643,2020-10-19,1.7948,"¥27,745,038.44","15,458,608.4806",,0.0000,,,30.97%,¥0.00
644,2020-10-20,1.8147,"¥28,053,461.51","15,458,608.4806",,0.0000,,,32.42%,¥0.00
645,2020-10-21,1.8248,"¥28,209,411.77","15,458,608.4806",,0.0000,,,33.16%,¥0.00
646,2020-10-22,1.8368,"¥28,394,379.83","15,458,608.4806",,0.0000,,,34.03%,¥0.00
647,2020-10-23,1.8229,"¥28,179,441.26","15,458,608.4806",,0.0000,,,33.02%,¥0.00
648,2020-10-26,1.8269,"¥28,241,782.01","15,458,608.4806",,0.0000,,,33.31%,¥0.00
649,2020-10-27,1.821,"¥28,150,102.41","15,458,608.4806",,0.0000,,,32.88%,¥0.00
650,2020-10-28,1.849,"¥28,583,604.46","15,458,608.4806",,0.0000,,,34.92%,¥0.00
651,2020-10-29,1.8474,"¥28,557,511.08","15,458,608.4806",,0.0000,,,34.80%,¥0.00
652,2020-10-30,1.8276,"¥28,252,099.85","15,458,608.4806",,0.0000,,,33.36%,¥0.00
653,2020-11-02,1.8509,"¥28,612,873.21","15,458,608.4806",,0.0000,,,35.06%,¥0.00
654,2020-11-03,1.8644,"¥28,820,860.75","15,458,608.4806",,0.0000,,,36.04%,¥0.00
655,2020-11-04,1.8801,"¥29,064,166.90","15,458,608.4806",,0.0000,,,37.19%,¥0.00
656,2020-11-05,1.9146,"¥29,596,881.66","15,458,608.4806",,0.0000,,,39.71%,¥0.00
657,2020-11-06,1.914,"¥29,587,281.75","15,458,608.4806",,0.0000,,,39.66%,¥0.00
658,2020-11-07,1.914,"¥29,587,177.35","15,458,608.4806",,0.0000,,,39.66%,¥0.00
659,2020-11-09,1.9351,"¥29,914,539.18","15,458,608.4806",,0.0000,,,41.21%,¥0.00
660,2020-11-10,1.9295,"¥25,013,932.51","12,963,790.0771",,"-2,494,818.4035",,汪渊取出所有收益,40.80%,"-¥4,827,817.65"
661,2020-11-11,1.9065,"¥24,715,438.95","12,963,790.0771",,0.0000,,,39.12%,¥0.00
662,2020-11-12,1.9162,"¥24,840,714.41","12,963,790.0771",,0.0000,,,39.82%,¥0.00
663,2020-11-13,1.8953,"¥24,570,283.04","12,963,790.0771",,0.0000,,,38.30%,¥0.00
664,2020-11-16,1.9144,"¥24,817,624.15","12,963,790.0771",,0.0000,,,39.69%,¥0.00
665,2020-11-17,1.9064,"¥24,714,781.46","12,963,790.0771",,0.0000,,,39.11%,¥0.00
666,2020-11-18,1.9041,"¥24,684,834.56","12,963,790.0771",,0.0000,,,38.95%,¥0.00
667,2020-11-19,1.9105,"¥24,767,472.45","12,963,790.0771",,0.0000,,,39.41%,¥0.00
668,2020-11-20,1.9203,"¥24,894,852.55","12,963,790.0771",,0.0000,,,40.13%,¥0.00
669,2020-11-23,1.9316,"¥25,040,388.60","12,963,790.0771",,0.0000,,,40.95%,¥0.00
670,2020-11-24,1.934,"¥25,072,585.10","12,963,790.0771",,0.0000,,,41.13%,¥0.00
671,2020-11-25,1.9065,"¥24,715,354.66","12,963,790.0771",,0.0000,,,39.12%,¥0.00
672,2020-11-26,1.9151,"¥24,826,335.20","12,963,790.0771",,0.0000,,,39.74%,¥0.00
673,2020-11-27,1.9306,"¥25,028,912.39","12,964,233.0415",,442.9644,,入金测试,40.88%,¥848.30
674,2020-11-30,1.9133,"¥24,804,977.70","12,964,233.0415",,0.0000,,,39.62%,
675,2020-12-01,1.9368,"¥25,108,008.47","12,963,789.3670",,-443.6746,,出金测试,41.33%,-¥848.90
676,2020-12-02,1.9453,"¥25,218,536.73","12,963,789.3670",,0.0000,,,41.95%,¥0.00
677,2020-12-03,1.9503,"¥25,283,921.45","12,963,789.3670",,0.0000,,,42.32%,¥0.00
678,2020-12-04,1.9834,"¥25,711,840.76","12,963,789.3670",,0.0000,,,44.73%,¥0.00
679,2020-12-07,1.9712,"¥25,554,183.64","12,963,789.3670",,0.0000,,,43.84%,¥0.00
680,2020-12-08,1.9742,"¥25,593,318.68","12,963,789.3670",,0.0000,,,44.06%,¥0.00
681,2020-12-09,1.9572,"¥25,372,451.77","12,963,789.3670",,0.0000,,,42.82%,¥0.00
682,2020-12-10,1.9665,"¥25,492,726.77","12,963,789.3670",,0.0000,,,43.49%,¥0.00
683,2020-12-11,1.9458,"¥25,224,773.22","12,963,789.3670",,0.0000,,,41.98%,¥0.00
684,2020-12-14,1.9507,"¥25,288,082.30","12,963,789.3670",,0.0000,,,42.34%,¥0.00
685,2020-12-15,1.9482,"¥25,570,822.87","13,125,175.9209",,"161,386.5540",,,42.16%,"¥314,812.00"
686,2020-12-16,1.9546,"¥25,000,398.48","12,790,268.2534",,"-334,907.6676",,梦云入金,42.63%,"-¥652,476.18"
687,2020-12-17,1.9696,"¥24,855,981.83","12,619,757.5570",,"-170,510.6963",,梦云入金,43.72%,"-¥333,287.41"
688,2020-12-18,1.9772,"¥24,951,861.67","12,619,757.5570",,0.0000,,,44.28%,¥0.00
689,2020-12-19,1.9781,"¥24,962,691.50","12,619,692.3596",,-65.1975,,,44.34%,-¥128.91
690,2020-12-21,1.9733,"¥24,901,869.17","12,619,692.3596",,0.0000,,,43.99%,¥0.00
691,2020-12-22,1.9786,"¥24,969,029.99","12,619,692.3596",,0.0000,,,44.38%,¥0.00
692,2020-12-23,1.9732,"¥24,900,716.25","12,619,692.3596",,0.0000,,,43.98%,¥0.00
693,2020-12-24,1.9678,"¥24,832,835.09","12,619,692.3596",,0.0000,,,43.59%,¥0.00
694,2020-12-25,1.965,"¥24,798,239.17","12,619,692.3596",,0.0000,,,43.39%,¥0.00
695,2020-12-28,1.9864,"¥25,067,742.21","12,619,692.3596",,0.0000,,,44.95%,¥0.00
696,2020-12-29,1.9876,"¥25,082,633.47","12,619,692.3596",,0.0000,,,45.03%,¥0.00
697,2020-12-30,2.0212,"¥25,507,108.56","12,619,692.3596",,0.0000,,,47.49%,¥0.00
698,2020-12-31,2.0547,"¥25,929,945.12","12,619,692.3596",,0.0000,,,49.93%,¥0.00
699,2020-12-31,2.0547,"¥25,929,945.12","12,619,692.3596",,0.0000,,,0.00%,¥0.00
700,2021-01-04,2.0754,"¥26,191,328.89","12,619,692.3596",,0.0000,,,1.01%,¥0.00
701,2021-01-05,2.1194,"¥26,745,682.29","12,619,692.3596",,0.0000,,,3.15%,¥0.00
702,2021-01-06,2.1315,"¥26,898,249.11","12,619,692.3596",,0.0000,,,3.73%,¥0.00
703,2021-01-07,2.1494,"¥27,125,267.52","12,619,692.3596",,0.0000,,,4.61%,¥0.00
704,2021-01-08,2.133,"¥26,918,133.03","12,619,692.3596",,0.0000,,,3.81%,¥0.00
705,2021-01-11,2.1321,"¥26,906,239.78","12,619,692.3596",,0.0000,,,3.77%,¥0.00
706,2021-01-12,2.1518,"¥27,155,243.55","12,619,692.3596",,0.0000,,,4.73%,¥0.00
707,2021-01-13,2.1294,"¥26,871,991.89","12,619,692.3596",,0.0000,,,3.63%,¥0.00
708,2021-01-14,2.1092,"¥26,617,661.84","12,619,692.3596",,0.0000,,,2.65%,¥0.00
709,2021-01-15,2.1127,"¥26,661,595.03","12,619,692.3596",,0.0000,,,2.82%,¥0.00
710,2021-01-16,2.1127,"¥27,496,395.03","13,014,826.9780",,"395,134.6185",,入金100万港币,2.82%,"¥834,800.00"
711,2021-01-18,2.1236,"¥27,638,373.74","13,014,826.9780",,0.0000,,,3.35%,¥0.00
712,2021-01-19,2.1081,"¥27,436,442.77","13,014,826.9780",,0.0000,,,2.60%,¥0.00
713,2021-01-20,2.1175,"¥27,558,262.82","13,014,826.9780",,0.0000,,,3.05%,¥0.00
714,2021-01-21,2.1343,"¥27,777,477.22","13,014,826.9780",,0.0000,,,3.87%,¥0.00
715,2021-01-22,2.1357,"¥27,795,549.15","13,014,826.9780",,0.0000,,,3.94%,¥0.00
716,2021-01-25,2.2026,"¥28,666,097.08","13,014,826.9780",,0.0000,,,7.20%,¥0.00
717,2021-01-26,2.1722,"¥28,270,923.02","13,014,826.9780",,0.0000,,,5.72%,¥0.00
718,2021-01-27,2.1541,"¥28,035,239.02","13,014,826.9780",,0.0000,,,4.84%,¥0.00
719,2021-01-28,2.1188,"¥27,576,004.80","13,014,826.9780",,0.0000,,,3.12%,¥0.00
720,2021-01-29,2.1157,"¥27,535,212.37","13,014,826.9780",,0.0000,,,2.97%,¥0.00
721,2021-02-01,2.1247,"¥27,652,309.02","13,014,826.9780",,0.0000,,,3.40%,¥0.00
722,2021-02-02,2.1546,"¥28,041,286.90","13,014,826.9780",,0.0000,,,4.86%,¥0.00
723,2021-02-03,2.1512,"¥27,997,401.59","13,014,826.9780",,0.0000,,,4.70%,¥0.00
724,2021-02-04,2.1652,"¥28,179,266.58","13,014,826.9780",,0.0000,,,5.38%,¥0.00
725,2021-02-05,2.1846,"¥28,432,791.13","13,014,826.9780",,0.0000,,,6.32%,¥0.00
726,2021-02-08,2.2043,"¥28,688,206.57","13,014,826.9780",,0.0000,,,7.28%,¥0.00
727,2021-02-09,2.2291,"¥29,011,204.41","13,014,826.9780",,0.0000,,,8.49%,¥0.00
728,2021-02-10,2.2784,"¥29,653,236.71","13,014,826.9780",,0.0000,,,10.89%,¥0.00
729,2021-02-16,2.2869,"¥29,764,063.36","13,014,826.9780",,0.0000,,,11.30%,¥0.00
730,2021-02-17,2.2944,"¥29,860,583.90","13,014,826.9780",,0.0000,,,11.66%,¥0.00
731,2021-02-18,2.2664,"¥29,496,211.63","13,014,826.9780",,0.0000,,,10.30%,¥0.00
732,2021-02-19,2.2713,"¥29,560,307.65","13,014,826.9780",,0.0000,,,10.54%,¥0.00
733,2021-02-22,2.209,"¥28,749,675.82","13,014,826.9780",,0.0000,,,7.51%,¥0.00
734,2021-02-23,2.2069,"¥28,722,460.36","13,014,826.9780",,0.0000,,,7.41%,¥0.00
735,2021-02-24,2.1731,"¥28,282,124.54","13,014,826.9780",,0.0000,,,5.76%,¥0.00
736,2021-02-25,2.1891,"¥28,490,652.87","13,014,826.9780",,0.0000,,,6.54%,¥0.00
737,2021-02-26,2.1393,"¥27,842,728.29","13,014,826.9780",,0.0000,,,4.12%,¥0.00
738,2021-02-27,2.1393,"¥27,862,728.29","13,024,175.7939",,"9,348.8159",,,4.12%,"¥20,000.00"
739,2021-03-01,2.1626,"¥28,165,792.13","13,024,175.7939",,0.0000,,,5.25%,¥0.00
740,2021-03-02,2.1449,"¥27,935,370.65","13,024,175.7939",,0.0000,,,4.39%,¥0.00
741,2021-03-03,2.1768,"¥28,351,168.86","13,024,175.7939",,0.0000,,,5.94%,¥0.00
742,2021-03-04,2.1325,"¥27,774,131.72","13,024,175.7939",,0.0000,,,3.79%,¥0.00
743,2021-03-05,2.1298,"¥27,739,026.10","13,024,175.7939",,0.0000,,,3.65%,¥0.00
744,2021-03-08,2.0824,"¥27,121,294.48","13,024,175.7939",,0.0000,,,1.35%,¥0.00
745,2021-03-09,2.0598,"¥26,846,503.97","13,033,780.1849",,"9,604.3910",,,0.25%,"¥20,000.00"
746,2021-03-10,2.0881,"¥27,215,981.50","13,033,780.1849",,0.0000,,,1.63%,¥0.00
747,2021-03-11,2.112,"¥27,527,433.53","13,033,780.1849",,0.0000,,,2.79%,¥0.00
748,2021-03-12,2.1152,"¥27,568,715.28","13,033,780.1849",,0.0000,,,2.94%,¥0.00
749,2021-03-15,2.0931,"¥27,280,416.45","13,033,780.1849",,0.0000,,,1.87%,¥0.00
750,2021-03-16,2.1205,"¥27,637,526.20","13,033,780.1849",,0.0000,,,3.20%,¥0.00
751,2021-03-17,2.1258,"¥27,707,788.29","13,033,780.1849",,0.0000,,,3.46%,¥0.00
752,2021-03-18,2.1496,"¥28,017,026.74","13,033,780.1849",,0.0000,,,4.62%,¥0.00
753,2021-03-19,2.1047,"¥27,431,749.17","13,033,780.1849",,0.0000,,,2.43%,¥0.00
754,2021-03-22,2.1181,"¥27,606,777.83","13,033,780.1849",,0.0000,,,3.08%,¥0.00
755,2021-03-23,2.1085,"¥27,481,746.55","13,033,780.1849",,0.0000,,,2.62%,¥0.00
756,2021-03-24,2.0861,"¥27,189,297.52","13,033,780.1849",,0.0000,,,1.53%,¥0.00
757,2021-03-25,2.0805,"¥27,117,402.99","13,033,780.1849",,0.0000,,,1.26%,¥0.00
758,2021-03-26,2.1071,"¥27,463,723.80","13,033,780.1849",,0.0000,,,2.55%,¥0.00
759,2021-03-29,2.1111,"¥27,515,219.51","13,033,780.1849",,0.0000,,,2.74%,¥0.00
760,2021-03-30,2.1271,"¥27,724,202.65","13,033,780.1849",,0.0000,,,3.52%,¥0.00
761,2021-03-31,2.1133,"¥27,544,306.21","13,033,780.1849",,0.0000,,,2.85%,¥0.00
762,2021-04-01,2.1426,"¥27,926,249.81","13,033,780.1849",,0.0000,,,4.28%,¥0.00
763,2021-04-02,2.1556,"¥28,096,094.11","13,033,780.1849",,0.0000,,,4.91%,¥0.00
764,2021-04-06,2.1391,"¥27,881,006.32","13,033,780.1849",,0.0000,,,4.11%,¥0.00
765,2021-04-07,2.1199,"¥27,629,704.29","13,033,780.1849",,0.0000,,,3.17%,¥0.00
766,2021-04-08,2.1317,"¥27,783,702.71","13,033,780.1849",,0.0000,,,3.74%,¥0.00
767,2021-04-09,2.1151,"¥27,766,188.53","13,127,603.3899",,"93,823.2051",,宋钱入金,2.94%,"¥200,000.00"
768,2021-04-12,2.0995,"¥27,561,534.57","13,127,603.3899",,0.0000,,,2.18%,¥0.00
769,2021-04-13,2.0889,"¥27,421,924.36","13,127,603.3899",,0.0000,,,1.66%,¥0.00
770,2021-04-14,2.1055,"¥27,640,140.31","13,127,603.3899",,0.0000,,,2.47%,¥0.00
771,2021-04-15,2.0944,"¥27,495,046.34","13,127,603.3899",,0.0000,,,1.93%,¥0.00
772,2021-04-16,2.1235,"¥27,876,366.53","13,127,603.3899",,0.0000,,,3.35%,¥0.00
773,2021-04-17,2.1236,"¥27,957,873.10","13,165,277.1761",,"37,673.7861",,老爸老妈入金,3.35%,"¥80,000.00"
774,2021-04-19,2.1512,"¥28,321,685.97","13,165,277.1761",,0.0000,,,4.70%,¥0.00
775,2021-04-20,2.1526,"¥28,339,872.68","13,165,277.1761",,0.0000,,,4.76%,¥0.00
776,2021-04-21,2.1495,"¥28,298,491.39","13,165,277.1761",,0.0000,,,4.61%,¥0.00
777,2021-04-22,2.1626,"¥28,471,319.22","13,165,277.1761",,0.0000,,,5.25%,¥0.00
778,2021-04-23,2.1793,"¥28,691,295.16","13,165,277.1761",,0.0000,,,6.06%,¥0.00
779,2021-04-26,2.1748,"¥28,631,468.52","13,165,277.1761",,0.0000,,,5.84%,¥0.00
780,2021-04-27,2.1761,"¥28,649,464.15","13,165,277.1761",,0.0000,,,5.91%,¥0.00
781,2021-04-28,2.1761,"¥27,899,464.15","12,820,629.9663",,"-344,647.2098",,梦云赎回75万,5.91%,"-¥750,000.00"
782,2021-04-29,2.2218,"¥28,484,619.66","12,820,629.9663",,0.0000,,,8.13%,¥0.00
783,2021-04-30,2.2117,"¥28,355,232.47","12,820,629.9663",,0.0000,,,7.64%,¥0.00
784,2021-05-03,2.2114,"¥28,351,985.13","12,820,629.9663",,0.0000,,,7.63%,¥0.00
785,2021-05-04,2.2111,"¥28,347,436.72","12,820,629.9663",,0.0000,,,7.61%,¥0.00
786,2021-05-05,2.2103,"¥28,336,898.69","12,820,629.9663",,0.0000,,,7.57%,¥0.00
787,2021-05-06,2.1899,"¥28,075,916.73","12,820,629.9663",,0.0000,,,6.58%,¥0.00
788,2021-05-07,2.1788,"¥27,933,237.76","12,820,629.9663",,0.0000,,0.8320,6.04%,¥0.00
789,2021-05-08,2.1788,"¥28,363,381.76","13,018,054.8800",,"197,424.9138",,赵娜萍入金,6.04%,"¥430,144.00"
790,2021-05-10,2.1696,"¥28,244,480.85","13,018,054.8800",,0.0000,,,5.59%,¥0.00
791,2021-05-11,2.1647,"¥28,300,202.04","13,073,363.6178",,"55,308.7378",,老爸老妈入金,5.35%,"¥120,000.00"
792,2021-05-12,2.174,"¥28,422,013.06","13,073,363.6178",,0.0000,,,5.81%,¥0.00
793,2021-05-13,2.1539,"¥28,158,238.13","13,073,363.6178",,0.0000,,,4.83%,¥0.00
794,2021-05-14,2.1976,"¥28,730,003.20","13,073,363.6178",,0.0000,,,6.95%,¥0.00
795,2021-05-15,2.2002,"¥28,764,101.51","13,073,363.6178",,0.0000,,,7.08%,¥0.00
796,2021-05-17,2.1971,"¥28,723,395.08","13,073,363.6178",,0.0000,,,6.93%,¥0.00
797,2021-05-18,2.2014,"¥28,779,923.42","13,073,363.6178",,0.0000,,,7.14%,¥0.00
798,2021-05-19,2.1842,"¥28,554,640.60","13,073,363.6178",,0.0000,,,6.30%,¥0.00
799,2021-05-20,2.2018,"¥28,784,953.36","13,073,363.6178",,0.0000,,,7.16%,¥0.00
800,2021-05-21,2.2074,"¥28,857,761.15","13,073,363.6178",,0.0000,,,7.43%,¥0.00
801,2021-05-24,2.2264,"¥29,106,100.91","13,073,363.6178",,0.0000,,,8.35%,¥0.00
802,2021-05-25,2.278,"¥29,781,296.30","13,073,363.6178",,0.0000,,,10.87%,¥0.00
803,2021-05-26,2.2846,"¥29,868,043.28","13,073,363.6178",,0.0000,,,11.19%,¥0.00
804,2021-05-27,2.2982,"¥30,044,940.33","13,073,363.6178",,0.0000,,,11.85%,¥0.00
805,2021-05-28,2.2934,"¥29,982,927.62","13,073,363.6178",,0.0000,,,11.62%,¥0.00
806,2021-05-31,2.2992,"¥30,058,821.31","13,073,363.6178",,0.0000,,,11.90%,¥0.00
807,2021-06-01,2.3284,"¥30,439,743.55","13,073,363.6178",,0.0000,,,13.32%,¥0.00
808,2021-06-02,2.299,"¥30,056,008.42","13,073,363.6178",,0.0000,,,11.89%,¥0.00
809,2021-06-03,2.2875,"¥29,905,219.01","13,073,363.6178",,0.0000,,,11.33%,¥0.00
810,2021-06-04,2.3032,"¥30,110,240.03","13,073,363.6178",,0.0000,,,12.09%,¥0.00
811,2021-06-07,2.2984,"¥30,048,088.61","13,073,363.6178",,0.0000,,,11.86%,¥0.00
812,2021-06-08,2.2642,"¥29,601,103.45","13,073,363.6178",,0.0000,,,10.20%,¥0.00
813,2021-06-09,2.2802,"¥29,810,444.56","13,073,363.6178",,0.0000,,,10.98%,¥0.00
814,2021-06-10,2.292,"¥29,964,250.36","13,073,363.6178",,0.0000,,,11.55%,¥0.00
815,2021-06-11,2.2489,"¥29,400,227.22","13,073,363.6178",,0.0000,,,9.45%,¥0.00
816,2021-06-15,2.2299,"¥29,151,698.61","13,073,363.6178",,0.0000,,,8.52%,¥0.00
817,2021-06-16,2.2163,"¥28,973,998.63","13,073,363.6178",,0.0000,,,7.86%,¥0.00
818,2021-06-17,2.217,"¥28,983,071.60","13,073,363.6178",,0.0000,,,7.90%,¥0.00
819,2021-06-18,2.2038,"¥28,811,684.81","13,073,363.6178",,0.0000,,,7.26%,¥0.00
820,2021-06-21,2.1836,"¥23,436,492.19","10,732,843.7314",,"-2,340,519.8864",,,6.27%,"-¥5,158,146.23"
821,2021-06-22,2.185,"¥23,451,373.60","10,732,843.7314",,0.0000,,,6.34%,¥0.00
822,2021-06-23,2.1905,"¥23,510,523.27","10,732,843.7314",,0.0000,,,6.61%,¥0.00
823,2021-06-25,2.2521,"¥24,171,539.37","10,732,843.7314",,0.0000,,,9.61%,¥0.00
824,2021-06-28,2.1948,"¥23,556,207.68","10,732,843.7314",,0.0000,,有误,6.82%,¥0.00
825,2021-06-29,2.2234,"¥23,863,665.87","10,732,843.7314",,0.0000,,,8.21%,¥0.00
826,2021-06-30,2.2269,"¥23,901,013.34","10,732,843.7314",,0.0000,,,8.38%,¥0.00
827,2021-07-01,2.2321,"¥23,957,021.63","10,732,843.7314",,0.0000,,,8.63%,¥0.00
828,2021-07-03,2.1879,"¥23,482,748.29","10,732,843.7314",,0.0000,,,6.48%,¥0.00
829,2021-07-05,2.1647,"¥23,233,173.59","10,732,843.7314",,0.0000,,,5.35%,¥0.00
830,2021-07-06,2.1837,"¥23,437,256.48","10,732,843.7314",,0.0000,,,6.28%,¥0.00
831,2021-07-07,2.1754,"¥23,347,694.44","10,732,843.7314",,0.0000,,,5.87%,¥0.00
832,2021-07-08,2.1344,"¥22,908,527.44","10,732,843.7314",,0.0000,,,3.88%,¥0.00
833,2021-07-09,2.1263,"¥22,820,818.83","10,732,843.7314",,0.0000,,,3.48%,¥0.00
834,2021-07-12,2.1449,"¥23,020,868.60","10,732,843.7314",,0.0000,,,4.39%,¥0.00
835,2021-07-13,2.1744,"¥23,337,274.21","10,732,843.7314",,0.0000,,,5.82%,¥0.00
836,2021-07-14,2.1689,"¥23,278,708.23","10,732,843.7314",,0.0000,,,5.56%,¥0.00
837,2021-07-15,2.1902,"¥23,507,286.05","10,732,843.7314",,0.0000,,,6.59%,¥0.00
838,2021-07-16,2.202,"¥23,634,068.09","10,732,843.7314",,0.0000,,,7.17%,¥0.00
839,2021-07-19,2.1954,"¥23,562,757.11","10,732,843.7314",,0.0000,,,6.85%,¥0.00
840,2021-07-20,2.1875,"¥23,478,564.30","10,732,843.7314",,0.0000,,,6.46%,¥0.00
841,2021-07-21,2.1893,"¥23,497,632.68","10,732,843.7314",,0.0000,,,6.55%,¥0.00
842,2021-07-22,2.1909,"¥23,514,760.38","10,732,843.7314",,0.0000,,,6.63%,¥0.00
843,2021-07-23,2.1645,"¥23,290,996.62","10,760,229.5356",,"27,385.8042",,,5.34%,"¥60,000.00"
844,2021-07-26,2.0741,"¥22,317,593.36","10,760,229.5356",,0.0000,,,0.94%,¥0.00
845,2021-07-27,1.9848,"¥21,357,007.01","10,760,229.5356",,0.0000,,,-3.40%,¥0.00
846,2021-07-28,1.9968,"¥21,486,355.27","10,760,229.5356",,0.0000,,,-2.82%,¥0.00
847,2021-07-29,2.0603,"¥22,169,202.89","10,760,229.5356",,0.0000,,,0.27%,¥0.00
848,2021-07-30,2.0061,"¥21,585,953.22","10,760,229.5356",,0.0000,,,-2.37%,¥0.00
849,2021-08-02,2.0437,"¥22,040,221.28","10,784,666.7149",,"24,437.1793",,,-0.54%,"¥49,023.10"
850,2021-08-03,2.0111,"¥21,689,494.84","10,784,666.7149",,0.0000,,,-2.12%,¥0.00
851,2021-08-04,2.0219,"¥21,805,092.47","10,784,666.7149",,0.0000,,,-1.60%,¥0.00
852,2021-08-05,1.9854,"¥21,412,096.03","10,784,666.7149",,0.0000,,,-3.37%,¥0.00
853,2021-08-06,1.9962,"¥21,528,311.06","10,784,666.7149",,0.0000,,,-2.85%,¥0.00
854,2021-08-09,2.029,"¥21,882,445.70","10,784,666.7149",,0.0000,,,-1.25%,¥0.00
855,2021-08-10,2.0978,"¥22,623,858.77","10,784,666.7149",,0.0000,,,2.10%,¥0.00
856,2021-08-11,2.0776,"¥22,406,423.98","10,784,666.7149",,0.0000,,,1.11%,¥0.00
857,2021-08-12,2.0548,"¥22,160,116.76","10,784,666.7149",,0.0000,,,0.00%,¥0.00
858,2021-08-13,2.0361,"¥21,959,112.76","10,784,666.7149",,0.0000,,,-0.90%,¥0.00
859,2021-08-16,2.0186,"¥21,770,410.18","10,784,666.7149",,0.0000,,,-1.76%,¥0.00
860,2021-08-17,1.9597,"¥21,134,207.19","10,784,666.7149",,0.0000,,,-4.63%,¥0.00
861,2021-08-18,1.9795,"¥21,348,648.69","10,784,666.7149",,0.0000,,,-3.66%,¥0.00
862,2021-08-19,1.9468,"¥20,995,223.41","10,784,666.7149",,0.0000,,,-5.25%,¥0.00
863,2021-08-20,1.9137,"¥20,639,142.88","10,784,666.7149",,0.0000,,,-6.86%,¥0.00
864,2021-08-23,1.9698,"¥21,243,317.60","10,784,666.7149",,0.0000,,,-4.13%,¥0.00
865,2021-08-24,2.045,"¥22,283,089.12","10,896,354.8571",,"111,688.1422",,,-0.47%,"¥220,000.00"
866,2021-08-25,2.0649,"¥22,545,734.32","10,918,739.1656",,"22,384.3084",,,0.49%,"¥45,776.00"
867,2021-08-26,2.0224,"¥22,082,490.69","10,918,739.1656",,0.0000,,,-1.57%,¥0.00
868,2021-08-27,2.0058,"¥21,900,927.64","10,918,739.1656",,0.0000,,,-2.38%,¥0.00
869,2021-08-30,1.9867,"¥21,692,218.44","10,918,739.1656",,0.0000,,,-3.31%,¥0.00
870,2021-08-31,2.0041,"¥21,882,757.35","10,918,739.1656",,0.0000,,,-2.46%,¥0.00
871,2021-09-01,2.0432,"¥22,309,231.13","10,918,739.1656",,0.0000,,,-0.56%,¥0.00
872,2021-09-02,2.0474,"¥22,354,502.54","10,918,739.1656",,0.0000,,,-0.36%,¥0.00
873,2021-09-03,2.037,"¥22,241,413.09","10,918,739.1656",,0.0000,,,-0.86%,¥0.00
874,2021-09-06,2.0774,"¥22,682,074.39","10,918,739.1656",,0.0000,,,1.10%,¥0.00
875,2021-09-07,2.1015,"¥22,946,187.86","10,918,739.1656",,0.0000,,,2.28%,¥0.00
876,2021-09-08,2.0961,"¥22,887,023.53","10,918,739.1656",,0.0000,,,2.01%,¥0.00
877,2021-09-09,2.0307,"¥22,172,605.84","10,918,739.1656",,0.0000,,,-1.17%,¥0.00
878,2021-09-10,2.0687,"¥22,587,431.46","10,918,739.1656",,0.0000,,,0.68%,¥0.00
879,2021-09-13,2.0493,"¥22,375,614.34","10,918,739.1656",,0.0000,,,-0.26%,¥0.00
880,2021-09-14,2.029,"¥22,153,590.44","10,918,739.1656",,0.0000,,,-1.25%,¥0.00
881,2021-09-15,1.9792,"¥21,610,320.52","10,918,739.1656",,0.0000,,,-3.68%,¥0.00
882,2021-09-16,1.9843,"¥21,665,557.28","10,918,739.1656",,0.0000,,,-3.43%,¥0.00
883,2021-09-17,2.0208,"¥22,064,195.67","10,918,739.1656",,0.0000,,,-1.65%,¥0.00
884,2021-09-22,1.9733,"¥21,545,811.14","10,918,739.1656",,0.0000,,,-3.96%,¥0.00
885,2021-09-23,1.9766,"¥21,581,912.34","10,918,739.1656",,0.0000,,,-3.80%,¥0.00
886,2021-09-24,1.9812,"¥21,631,993.69","10,918,739.1656",,0.0000,,,-3.58%,¥0.00
887,2021-09-27,2.0443,"¥22,320,901.90","10,918,739.1656",,0.0000,,,-0.51%,¥0.00
888,2021-09-28,2.0339,"¥22,207,750.42","10,918,739.1656",,0.0000,,,-1.01%,¥0.00
889,2021-09-29,2.0265,"¥22,126,854.59","10,918,739.1656",,0.0000,,,-1.37%,¥0.00
890,2021-09-30,2.0225,"¥22,083,657.59","10,918,739.1656",,0.0000,,,-1.57%,¥0.00
891,2021-10-08,2.0822,"¥22,734,799.59","10,918,739.1656",,0.0000,,,1.34%,¥0.00
892,2021-10-09,2.0833,"¥22,764,120.01","10,926,694.2828",,"7,955.1172",,,1.39%,"¥16,564.00"
893,2021-10-11,2.1203,"¥23,168,148.67","10,926,694.2828",,0.0000,,,3.19%,¥0.00
894,2021-10-12,2.1043,"¥22,992,585.02","10,926,694.2828",,0.0000,,,2.41%,¥0.00
895,2021-10-13,2.1304,"¥23,278,479.28","10,926,694.2828",,0.0000,,,3.68%,¥0.00
896,2021-10-14,2.1235,"¥23,202,428.85","10,926,694.2828",,0.0000,,,3.35%,¥0.00
897,2021-10-15,2.1417,"¥23,401,948.00","10,926,694.2828",,0.0000,,,4.23%,¥0.00
898,2021-10-18,2.086,"¥22,793,048.00","10,926,694.2828",,0.0000,,,1.52%,¥0.00
899,2021-10-19,2.1103,"¥23,058,806.00","10,926,694.2828",,0.0000,,,2.71%,¥0.00
900,2021-10-20,2.1272,"¥23,243,526.00","10,926,694.2828",,0.0000,,,3.53%,¥0.00
901,2021-10-21,2.1274,"¥23,245,561.00","10,926,694.2828",,0.0000,,,3.54%,¥0.00
902,2021-10-22,2.155,"¥23,546,809.00","10,926,694.2828",,0.0000,,,4.88%,¥0.00
903,2021-10-25,2.1333,"¥23,310,350.00","10,926,694.2828",,0.0000,,,3.83%,¥0.00
904,2021-10-26,2.1285,"¥23,257,889.46","10,926,694.2828",,0.0000,,,3.59%,¥0.00
905,2021-10-27,2.0778,"¥22,703,267.00","10,926,694.2828",,0.0000,,,1.12%,¥0.00
906,2021-10-28,2.0924,"¥22,863,310.54","10,926,694.2828",,0.0000,,,1.84%,¥0.00
907,2021-10-29,2.0902,"¥22,962,117.04","10,985,664.0809",,"58,969.7981",,,1.73%,"¥123,390.00"
908,2021-11-01,2.0689,"¥22,727,964.00","10,985,664.0809",,0.0000,,,0.69%,¥0.00
909,2021-11-02,2.0491,"¥22,510,457.00","10,985,664.0809",,0.0000,,,-0.27%,¥0.00
910,2021-11-03,2.0392,"¥22,401,946.00","10,985,664.0809",,0.0000,,,-0.76%,¥0.00
911,2021-11-04,2.0948,"¥23,012,517.00","10,985,664.0809",,0.0000,,,1.95%,¥0.00
912,2021-11-05,2.0675,"¥22,713,168.00","10,985,664.0809",,0.0000,,,0.62%,¥0.00
913,2021-11-08,2.0556,"¥22,581,752.00","10,985,664.0809",,0.0000,,,0.04%,¥0.00
914,2021-11-09,2.044,"¥22,454,630.00","10,985,664.0809",,0.0000,,,-0.52%,¥0.00
915,2021-11-10,2.0526,"¥22,549,065.00","10,985,664.0809",,0.0000,,,-0.10%,¥0.00
916,2021-11-11,2.0586,"¥22,615,174.00","10,985,664.0809",,0.0000,,,0.19%,¥0.00
917,2021-11-12,2.0616,"¥22,647,898.00","10,985,664.0809",,0.0000,,,0.33%,¥0.00
918,2021-11-15,2.0787,"¥22,836,110.00","10,985,664.0809",,0.0000,,,1.17%,¥0.00
919,2021-11-16,2.105,"¥23,124,878.00","10,985,664.0809",,0.0000,,,2.45%,¥0.00
920,2021-11-17,2.1024,"¥23,096,588.00","10,985,664.0809",,0.0000,,,2.32%,¥0.00
921,2021-11-18,2.0739,"¥22,783,027.00","10,985,664.0809",,0.0000,,,0.93%,¥0.00
922,2021-11-19,2.0851,"¥22,906,718.00","10,985,664.0809",,0.0000,,,1.48%,¥0.00
923,2021-11-22,2.0921,"¥22,983,493.00","10,985,664.0809",,0.0000,,,1.82%,¥0.00
924,2021-11-23,2.066,"¥22,696,356.00","10,985,664.0809",,0.0000,,,0.55%,¥0.00
925,2021-11-24,2.0711,"¥22,752,031.00","10,985,664.0809",,0.0000,,,0.80%,¥0.00
926,2021-11-25,2.0789,"¥22,838,204.00","10,985,664.0809",,0.0000,,,1.18%,¥0.00
927,2021-11-26,2.046,"¥22,476,282.00","10,985,664.0809",,0.0000,,,-0.43%,¥0.00
928,2021-11-29,2.0479,"¥22,497,847.00","10,985,664.0809",,0.0000,,,-0.33%,¥0.00
929,2021-12-01,2.041,"¥22,422,143.00","10,985,664.0809",,0.0000,,,-0.67%,¥0.00
930,2021-12-02,2.0483,"¥22,501,483.00","10,985,664.0809",,0.0000,,,-0.31%,¥0.00
931,2021-12-03,2.0441,"¥22,455,344.00","10,985,664.0809",,0.0000,,,-0.52%,¥0.00
932,2021-12-06,2.0197,"¥22,188,268.00","10,985,664.0809",,0.0000,,,-1.70%,¥0.00
933,2021-12-07,2.0462,"¥22,478,541.00","10,985,664.0809",,0.0000,,,-0.42%,¥0.00
934,2021-12-08,2.0965,"¥23,031,717.00","10,985,664.0809",,0.0000,,,2.03%,¥0.00
935,2021-12-09,2.1394,"¥23,502,395.00","10,985,664.0809",,0.0000,,,4.12%,¥0.00
936,2021-12-10,2.1293,"¥23,392,118.00","10,985,664.0809",,0.0000,,,3.63%,¥0.00
937,2021-12-13,2.1561,"¥23,685,675.00","10,985,664.0809",,0.0000,,,4.93%,¥0.00
938,2021-12-14,2.1338,"¥23,440,793.00","10,985,664.0809",,0.0000,,,3.85%,¥0.00
939,2021-12-15,2.1051,"¥23,125,964.00","10,985,664.0809",,0.0000,,,2.45%,¥0.00
940,2021-12-16,2.1045,"¥23,119,344.00","10,985,664.0809",,0.0000,,,2.42%,¥0.00
941,2021-12-17,2.048,"¥22,498,495.00","10,985,664.0809",,0.0000,,,-0.33%,¥0.00
942,2021-12-20,2.0274,"¥22,272,476.00","10,985,664.0809",,0.0000,,,-1.33%,¥0.00
943,2021-12-21,2.0446,"¥22,461,809.00","10,985,664.0809",,0.0000,,,-0.49%,¥0.00
944,2021-12-22,2.0485,"¥22,504,020.00","10,985,664.0809",,0.0000,,,-0.30%,¥0.00
945,2021-12-23,2.0956,"¥23,021,231.00","10,985,664.0809",,0.0000,,,1.99%,¥0.00
946,2021-12-24,2.1118,"¥23,198,987.00","10,985,664.0809",,0.0000,,,2.78%,¥0.00
947,2021-12-27,2.1001,"¥23,070,503.00","10,985,664.0809",,0.0000,,,2.21%,¥0.00
948,2021-12-28,2.101,"¥23,080,870.00","10,985,664.0809",,0.0000,,,2.25%,¥0.00
949,2021-12-29,2.0478,"¥22,496,460.00","10,985,664.0809",,0.0000,,,-0.34%,¥0.00
950,2021-12-31,2.0735,"¥22,779,193.97","10,985,664.0809",,0.0000,,,0.92%,¥0.00
951,2021-12-31,2.0735,"¥22,779,193.97","10,985,664.0809",,0.0000,,,0.00%,¥0.00
952,2022-01-04,2.0714,"¥22,755,982.93","10,985,664.0809",,0.0000,,,-0.10%,¥0.00
953,2022-01-05,2.0339,"¥22,171,172.00","10,900,673.9020",,"-84,990.1789",,,-1.91%,"-¥176,050.81"
954,2022-01-06,2.018,"¥21,998,044.00","10,900,673.9020",,0.0000,,,-2.68%,¥0.00
955,2022-01-07,2.03,"¥22,128,424.00","10,900,673.9020",,0.0000,,,-2.10%,¥0.00
956,2022-01-10,2.0507,"¥22,354,070.00","10,900,673.9020",,0.0000,,,-1.10%,¥0.00
957,2022-01-11,2.0468,"¥22,311,620.00","10,900,673.9020",,0.0000,,,-1.29%,¥0.00
958,2022-01-12,2.0876,"¥22,755,821.00","10,900,673.9020",,0.0000,,,0.68%,¥0.00
959,2022-01-13,2.0414,"¥22,252,672.00","10,900,673.9020",,0.0000,,,-1.55%,¥0.00
960,2022-01-14,2.0214,"¥22,034,318.00","10,900,673.9020",,0.0000,,,-2.52%,¥0.00
961,2022-01-15,2.0214,"¥22,534,318.00","11,148,030.6367",,"247,356.7347",,,-2.52%,"¥500,000.00"
962,2022-01-17,2.0088,"¥22,394,394.00","11,148,030.6367",,0.0000,,,-3.12%,¥0.00
963,2022-01-18,2.0069,"¥22,373,102.00","11,148,030.6367",,0.0000,,,-3.21%,¥0.00
964,2022-01-19,2.0133,"¥22,444,859.00","11,148,030.6367",,0.0000,,,-2.90%,¥0.00
965,2022-01-20,2.0749,"¥23,130,785.00","11,148,030.6367",,0.0000,,,0.06%,¥0.00
966,2022-01-21,2.0855,"¥23,249,626.35","11,148,030.6367",,0.0000,,,0.58%,¥0.00
967,2022-01-24,2.0741,"¥23,122,277.00","11,148,030.6367",,0.0000,,,0.03%,¥0.00
968,2022-01-25,2.0447,"¥22,794,617.00","11,148,030.6367",,0.0000,,,-1.39%,¥0.00
969,2022-01-26,2.0594,"¥22,957,716.00","11,148,030.6367",,0.0000,,,-0.68%,¥0.00
970,2022-01-27,2.0313,"¥22,644,980.46","11,148,030.6367",,0.0000,,,-2.04%,¥0.00
971,2022-01-28,1.9993,"¥22,317,624.67","11,162,799.5132",,"14,768.8765",,,-3.58%,"¥30,000.00"
972,2022-02-07,2.0454,"¥22,832,793.00","11,162,799.5132",,0.0000,,,-1.36%,¥0.00
973,2022-02-08,2.0182,"¥22,534,230.70","11,165,732.8730",,"2,933.3598",,,-2.67%,"¥6,000.00"
974,2022-02-09,2.0763,"¥23,204,321.20","11,175,642.8921",,"9,910.0191",,,0.13%,"¥20,000.00"
975,2022-02-10,2.0873,"¥23,346,992.06","11,185,275.2729",,"9,632.3808",,,0.66%,"¥20,000.00"
976,2022-02-11,2.0673,"¥23,123,221.00","11,185,275.2729",,0.0000,,,-0.30%,¥0.00
977,2022-02-14,2.0581,"¥23,020,787.00","11,185,275.2729",,0.0000,,,-0.74%,¥0.00
978,2022-02-15,2.0642,"¥23,088,974.00","11,185,275.2729",,0.0000,,,-0.45%,¥0.00
979,2022-02-16,2.0741,"¥23,198,894.44","11,185,275.2729",,0.0000,,,0.03%,¥0.00
980,2022-02-17,2.0704,"¥23,157,831.00","11,185,275.2729",,0.0000,,,-0.15%,¥0.00
981,2022-02-18,2.0648,"¥23,095,556.27","11,185,275.2729",,0.0000,,,-0.42%,¥0.00
982,2022-02-21,2.0089,"¥22,470,170.29","11,185,275.2729",,0.0000,,,-3.12%,¥0.00
983,2022-02-22,1.9784,"¥22,129,410.67","11,185,275.2729",,0.0000,,,-4.59%,¥0.00
984,2022-02-23,1.9943,"¥22,306,568.68","11,185,275.2729",,0.0000,,,-3.82%,¥0.00
985,2022-02-24,1.9198,"¥21,473,165.98","11,185,275.2729",,0.0000,,,-7.42%,¥0.00
986,2022-02-25,1.9237,"¥21,537,017.00","11,195,693.1827",,"10,417.9098",,,-7.23%,"¥20,000.00"
987,2022-02-28,1.917,"¥21,462,268.00","11,195,693.1827",,0.0000,,,-7.55%,¥0.00
988,2022-03-01,1.9541,"¥21,876,964.60","11,195,693.1827",,0.0000,,,-5.76%,¥0.00
989,2022-03-02,1.9249,"¥21,550,499.79","11,195,693.1827",,0.0000,,,-7.17%,¥0.00
990,2022-03-03,1.9071,"¥21,351,776.91","11,195,693.1827",,0.0000,,,-8.02%,¥0.00
991,2022-03-04,1.8586,"¥20,807,930.14","11,195,693.1827",,0.0000,,,-10.37%,¥0.00
992,2022-03-07,1.7979,"¥20,129,283.28","11,195,693.1827",,0.0000,,,-13.29%,¥0.00
993,2022-03-08,1.7804,"¥19,952,121.39","11,206,816.9699",,"11,123.7872",,,-14.14%,"¥20,000.00"
994,2022-03-09,1.7869,"¥20,025,064.74","11,206,816.9699",,0.0000,,,-13.83%,¥0.00
995,2022-03-10,1.802,"¥20,195,020.46","11,206,816.9699",,0.0000,,,-13.09%,¥0.00
996,2022-03-11,1.7607,"¥19,731,521.18","11,206,816.9699",,0.0000,,,-15.09%,¥0.00
997,2022-03-14,1.637,"¥18,345,359.78","11,206,816.9699",,0.0000,,,-21.05%,¥0.00
998,2022-03-15,1.512,"¥16,944,372.04","11,206,816.9699",,0.0000,,,-27.08%,¥0.00
999,2022-03-16,1.6954,"¥18,999,751.29","11,206,816.9699",,0.0000,,,-18.24%,¥0.00
1000,2022-03-17,1.7741,"¥19,882,262.60","11,206,816.9699",,0.0000,,,-14.44%,¥0.00
1001,2022-03-18,1.7536,"¥19,652,354.60","11,206,816.9699",,0.0000,,,-15.43%,¥0.00
1002,2022-03-21,1.728,"¥19,365,205.82","11,206,816.9699",,0.0000,,,-16.66%,¥0.00
1003,2022-03-22,1.7585,"¥19,707,442.88","11,206,816.9699",,0.0000,,,-15.19%,¥0.00
1004,2022-03-23,1.7766,"¥19,910,051.77","11,206,816.9699",,0.0000,,,-14.32%,¥0.00
1005,2022-03-24,1.7174,"¥19,246,152.00","11,206,816.9699",,0.0000,,,-17.18%,¥0.00
1006,2022-03-25,1.6792,"¥18,818,076.69","11,206,816.9699",,0.0000,,,-19.02%,¥0.00
1007,2022-03-28,1.6967,"¥19,014,346.49","11,206,816.9699",,0.0000,,,-18.17%,¥0.00
1008,2022-03-29,1.7191,"¥19,265,679.55","11,206,816.9699",,0.0000,,,-17.09%,¥0.00
1009,2022-03-30,1.7543,"¥19,659,830.64","11,206,816.9699",,0.0000,,,-15.40%,¥0.00
1010,2022-03-31,1.7326,"¥19,417,102.10","11,206,816.9699",,0.0000,,,-16.44%,¥0.00
1011,2022-04-01,1.7603,"¥19,727,015.77","11,206,816.9699",,0.0000,,,-15.11%,¥0.00
1012,2022-04-06,1.7592,"¥19,714,620.00","11,206,816.9699",,0.0000,,,-15.16%,¥0.00
1013,2022-04-07,1.7392,"¥19,490,424.38","11,206,816.9699",,0.0000,,,-16.13%,¥0.00
1014,2022-04-08,1.7296,"¥19,383,486.00","11,206,816.9699",,0.0000,,,-16.59%,¥0.00
1015,2022-04-11,1.6634,"¥18,641,120.96","11,206,816.9699",,0.0000,,,-19.78%,¥0.00
1016,2022-04-12,1.7186,"¥19,259,614.53","11,206,816.9699",,0.0000,,,-17.12%,¥0.00
1017,2022-04-13,1.7287,"¥19,373,034.00","11,206,816.9699",,0.0000,,,-16.63%,¥0.00
1018,2022-04-14,1.7448,"¥19,553,332.70","11,206,816.9699",,0.0000,,,-15.86%,¥0.00
1019,2022-04-15,1.7411,"¥19,511,928.24","11,206,816.9699",,0.0000,,,-16.03%,¥0.00
1020,2022-04-18,1.7296,"¥19,383,158.96","11,206,816.9699",,0.0000,,,-16.59%,¥0.00
1021,2022-04-19,1.7014,"¥19,066,917.00","11,206,816.9699",,0.0000,,,-17.95%,¥0.00
1022,2022-04-20,1.7044,"¥19,100,731.91","11,206,816.9699",,0.0000,,,-17.80%,¥0.00
1023,2022-04-21,1.6648,"¥18,657,160.03","11,206,816.9699",,0.0000,,,-19.71%,¥0.00
1024,2022-04-22,1.668,"¥18,692,780.73","11,206,816.9699",,0.0000,,,-19.56%,¥0.00
1025,2022-04-25,1.6039,"¥17,974,686.55","11,206,816.9699",,0.0000,,,-22.65%,¥0.00
1026,2022-04-26,1.631,"¥18,278,000.70","11,206,816.9699",,0.0000,,,-21.34%,¥0.00
1027,2022-04-27,1.6523,"¥18,516,922.36","11,206,816.9699",,0.0000,,,-20.32%,¥0.00
1028,2022-04-28,1.6807,"¥18,835,230.00","11,206,816.9699",,0.0000,,,-18.95%,¥0.00
1029,2022-04-29,1.8091,"¥20,273,822.03","11,206,816.9699",,0.0000,,,-12.75%,¥0.00
1030,2022-05-05,1.7906,"¥20,066,749.26","11,206,816.9699",,0.0000,,,-13.65%,¥0.00
1031,2022-05-06,1.7134,"¥19,202,041.70","11,206,816.9699",,0.0000,,,-17.37%,¥0.00
1032,2022-05-10,1.7096,"¥19,159,204.98","11,206,816.9699",,0.0000,,,-17.55%,¥0.00
1033,2022-05-11,1.7327,"¥19,417,500.15","11,206,816.9699",,0.0000,,,-16.44%,¥0.00
1034,2022-05-12,1.7153,"¥19,223,526.92","11,206,816.9699",,0.0000,,,-17.27%,¥0.00
1035,2022-05-13,1.739,"¥19,488,870.87","11,206,816.9699",,0.0000,,,-16.13%,¥0.00
1036,2022-05-16,1.7232,"¥19,311,252.00","11,206,816.9699",,0.0000,,,-16.90%,¥0.00
1037,2022-05-17,1.7727,"¥19,866,854.00","11,206,816.9699",,0.0000,,,-14.51%,¥0.00
1038,2022-05-18,1.7624,"¥19,750,459.00","11,206,816.9699",,0.0000,,,-15.01%,¥0.00
1039,2022-05-19,1.7008,"¥19,060,907.00","11,206,816.9699",,0.0000,,,-17.97%,¥0.00
1040,2022-05-20,1.7486,"¥19,596,031.41","11,206,816.9699",,0.0000,,,-15.67%,¥0.00
1041,2022-05-23,1.7128,"¥19,195,046.00","11,206,816.9699",,0.0000,,,-17.40%,¥0.00
1042,2022-05-24,1.6762,"¥18,784,859.00","11,206,816.9699",,0.0000,,,-19.16%,¥0.00
1043,2022-05-25,1.6694,"¥18,709,110.00","11,206,816.9699",,0.0000,,,-19.49%,¥0.00
1044,2022-05-26,1.6754,"¥18,775,438.00","11,206,816.9699",,0.0000,,,-19.20%,¥0.00
1045,2022-05-27,1.699,"¥19,039,862.30","11,206,816.9699",,0.0000,,,-18.06%,¥0.00
1046,2022-05-30,1.7377,"¥19,474,195.00","11,206,816.9699",,0.0000,,,-16.20%,¥0.00
1047,2022-05-31,1.7869,"¥20,025,108.72","11,206,816.9699",,0.0000,,,-13.83%,¥0.00
1048,2022-06-01,1.7779,"¥19,925,033.00","11,206,816.9699",,0.0000,,,-14.26%,¥0.00
1049,2022-06-02,1.7717,"¥19,854,872.00","11,206,816.9699",,0.0000,,,-14.56%,¥0.00
1050,2022-06-06,1.7956,"¥20,122,697.00","11,206,816.9699",,0.0000,,,-13.41%,¥0.00
1051,2022-06-07,1.8081,"¥20,262,545.00","11,206,816.9699",,0.0000,,,-12.80%,¥0.00
1052,2022-06-08,1.8817,"¥21,087,660.00","11,206,816.9699",,0.0000,,,-9.25%,¥0.00
1053,2022-06-09,1.8764,"¥21,028,827.00","11,206,816.9699",,0.0000,,,-9.51%,¥0.00
1054,2022-06-10,1.8898,"¥21,178,799.83","11,206,816.9699",,0.0000,,,-8.86%,¥0.00
1055,2022-06-13,1.8222,"¥20,420,830.00","11,206,816.9699",,0.0000,,,-12.12%,¥0.00
1056,2022-06-14,1.8287,"¥20,493,586.00","11,206,816.9699",,0.0000,,,-11.81%,¥0.00
1057,2022-06-15,1.8514,"¥20,748,443.00","11,206,816.9699",,0.0000,,,-10.71%,¥0.00
1058,2022-06-16,1.8183,"¥20,377,368.00","11,206,816.9699",,0.0000,,,-12.31%,¥0.00
1059,2022-06-17,1.8395,"¥20,614,697.90","11,206,816.9699",,0.0000,,,-11.29%,¥0.00
1060,2022-06-20,1.8525,"¥20,760,795.00","11,206,816.9699",,0.0000,,,-10.66%,¥0.00
1061,2022-06-21,1.8768,"¥21,032,435.00","11,206,816.9699",,0.0000,,,-9.49%,¥0.00
1062,2022-06-23,1.8613,"¥20,859,400.00","11,206,816.9699",,0.0000,,,-10.23%,¥0.00
1063,2022-06-24,1.8984,"¥21,275,371.45","11,206,816.9699",,0.0000,,,-8.44%,¥0.00
1064,2022-06-27,1.8992,"¥21,283,750.07","11,206,816.9699",,0.0000,,,-8.41%,¥0.00
1065,2022-06-28,1.8884,"¥21,163,026.00","11,206,816.9699",,0.0000,,,-8.93%,¥0.00
1066,2022-06-29,1.8791,"¥21,058,456.00","11,206,816.9699",,0.0000,,,-9.38%,¥0.00
1067,2022-06-30,1.8746,"¥21,008,669.56","11,206,816.9699",,0.0000,,,-9.59%,¥0.00
1068,2022-07-01,1.8682,"¥20,936,767.00","11,206,816.9699",,0.0000,,,-9.90%,¥0.00
1069,2022-07-04,1.8516,"¥20,750,658.40","11,206,816.9699",,0.0000,,,-10.70%,¥0.00
1070,2022-07-05,1.8591,"¥20,834,988.00","11,206,816.9699",,0.0000,,,-10.34%,¥0.00
1071,2022-07-06,1.8382,"¥20,600,912.00","11,206,816.9699",,0.0000,,,-11.35%,¥0.00
1072,2022-07-07,1.8385,"¥20,604,105.00","11,206,816.9699",,0.0000,,,-11.33%,¥0.00
1073,2022-07-11,1.7996,"¥20,167,931.00","11,206,816.9699",,0.0000,,,-13.21%,¥0.00
1074,2022-07-12,1.7798,"¥19,945,831.00","11,206,816.9699",,0.0000,,,-14.17%,¥0.00
1075,2022-07-13,1.7757,"¥19,900,288.00","11,206,816.9699",,0.0000,,,-14.36%,¥0.00
1076,2022-07-14,1.7733,"¥19,872,978.00","11,206,816.9699",,0.0000,,,-14.48%,¥0.00
1077,2022-07-15,1.7482,"¥19,592,034.00","11,206,816.9699",,0.0000,,,-15.69%,¥0.00
1078,2022-07-18,1.7691,"¥19,826,473.00","11,206,816.9699",,0.0000,,,-14.68%,¥0.00
1079,2022-07-19,1.7684,"¥19,817,873.00","11,206,816.9699",,0.0000,,,-14.72%,¥0.00
1080,2022-07-20,1.7857,"¥20,011,912.00","11,206,816.9699",,0.0000,,,-13.88%,¥0.00
1081,2022-07-21,1.7634,"¥19,762,236.00","11,206,816.9699",,0.0000,,,-14.96%,¥0.00
1082,2022-07-22,1.7633,"¥19,760,520.00","11,206,816.9699",,0.0000,,,-14.96%,¥0.00
1083,2022-07-25,1.751,"¥19,623,023.00","11,206,816.9699",,0.0000,,,-15.56%,¥0.00
1084,2022-07-26,1.7629,"¥19,756,794.00","11,206,816.9699",,0.0000,,,-14.98%,¥0.00
1085,2022-07-27,1.7343,"¥19,436,325.00","11,206,816.9699",,0.0000,,,-16.36%,¥0.00
1086,2022-07-28,1.7311,"¥19,399,836.00","11,206,816.9699",,0.0000,,,-16.52%,¥0.00
1087,2022-07-29,1.6846,"¥18,879,047.00","11,206,816.9699",,0.0000,,,-18.76%,¥0.00
1088,2022-08-01,1.6748,"¥18,769,397.00","11,206,816.9699",,0.0000,,,-19.23%,¥0.00
1089,2022-08-02,1.6516,"¥18,508,647.00","11,206,816.9699",,0.0000,,,-20.35%,¥0.00
1090,2022-08-03,1.6658,"¥18,668,743.00","11,206,816.9699",,0.0000,,,-19.66%,¥0.00
1091,2022-08-04,1.7049,"¥19,105,974.00","11,206,816.9699",,0.0000,,,-17.78%,¥0.00
1092,2022-08-05,1.7023,"¥19,077,688.00","11,206,816.9699",,0.0000,,,-17.90%,¥0.00
1093,2022-08-08,1.6738,"¥18,758,028.00","11,206,816.9699",,0.0000,,,-19.28%,¥0.00
1094,2020-08-09,1.6704,"¥18,719,601.00","11,206,816.9699",,0.0000,,,-19.44%,¥0.00
